Language,Latitude,Longitude,Divisions(Each Language),Teachers,School Code,School Name,School Type,Slno,Standards,Strength(Each Language),School Type
"MALAYALAM,ENGLISH",10.007149,76.707455,"7,4",12,27369,St. Joseph`s LPS Paingottoor,A,1,1 to 4,"242,162",LP
MALAYALAM,10.057475,76.66578,7,10,27321,St. Joseph`s LP And UPS Nellimattam,A,2,1 to 7,211,UP
MALAYALAM,9.993904,76.759838,4,4,27353,St. Jerome`s LPS Njarakkad,A,3,1 to 4,106,LP
MALAYALAM,10.074557,76.753821,4,4,27352,St. Mary`s LPS Inchathotty,A,4,1 to 4,42,LP
MALAYALAM,10.115426,76.806209,4,4,27362,Sankar Memorial LPS Mamalakandam,A,5,1 to 4,97,LP
"MALAYALAM,ENGLISH",10.062719,76.631429,"15,6",35,27023,St. George`s H S S Kothamangalam,A,6,5 to 10,"667,318",HS
MALAYALAM,10.142257,76.509704,7,16,27019,Govt. H.S.S Akanad,G,7,5 to 10,135,HS
MALAYALAM,10.07469,76.46333,5,7,27231,Govt. LPBS Vengola,G,8,1 to 5,73,LP
MALAYALAM,10.161848,76.486259,4,5,27222,Govt. LPS Koovappady,G,9,1 to 4,81,LP
MALAYALAM,10.142245,76.536045,4,5,27235,Govt. LPS Vengoor,G,10,1 to 4,122,LP
MALAYALAM,10.095077,76.558579,12,21,27008,Govt.V.H.S.S. Odakkali,G,11,1 to 10,209,HS
MALAYALAM,10.167084,76.552346,5,6,27242,Mar Thoma LPS Krariely,A,12,1 to 4,152,LP
"MALAYALAM,ENGLISH",10.121271,76.561753,"7,6",16,27214,St. Antony`s UPS Nedungapra,A,13,1 to 7,"135,169",UP
MALAYALAM,10.181939,76.527526,4,4,27238,St. Mary`s LPS Alattuchira,A,14,1 to 4,60,LP
MALAYALAM,10.13294,76.462545,5,7,27249,St. Teresa`s LPS Vallam,A,15,1 to 4,181,LP
MALAYALAM,9.897856,76.421597,10,19,26047,Govt. H.S Pulickamaly,G,16,1 to 10,126,HS
MALAYALAM,9.975349,76.314769,4,5,26410,Govt. L.P.S. Ponnurunni,G,17,1 to 4,109,LP
MALAYALAM,9.946272,76.342387,6,13,26073,Govt. Palace Girls H.S. Tripunithura,G,18,5 to 10,94,HS
"MALAYALAM,ENGLISH",9.871606,76.37991,"9,6",18,26445,P.M.U.P.S. South Parur,A,19,1 to 7,"312,244",UP
MALAYALAM,9.972519,76.336539,3,6,26449,S.N.V .Sanskrit U.P.S. Eroor,A,20,5 to 7,36,UP
"MALAYALAM,ENGLISH",9.887427,76.433922,"4,2",6,26414,St. George`s. L.P.S. Arakkunnam,A,21,1 to 4,"93,73",LP
MALAYALAM,9.957592,76.31937,4,4,26430,St. Monica`s. L.P.S. Thykoodam,A,22,1 to 4,37,LP
MALAYALAM,9.88574,76.387097,7,10,26443,U.P.S. Perumpilly,A,23,1 to 7,122,UP
MALAYALAM,10.065354,76.244991,11,18,26079,Govt. H.S.S And V.H.S.S. Kadamakudy,G,24,1 to 10,305,HS
"MALAYALAM,ENGLISH",9.996392,76.326047,"14,8",37,26066,Govt. H.S.S. Vennala,G,25,5 to 10,"437,307",HS
MALAYALAM,10.017728,76.301778,3,7,26261,Govt. U.P.S. Edappally,G,26,5 to 7,57,UP
"MALAYALAM,ENGLISH",10.054358,76.273165,"20,4",33,26010,H.S.S. of Jesus. Kothad,A,27,1 to 10,"468,123",HS
MALAYALAM,9.948689,76.292173,4,4,26229,Kizhavanaparambu L.P.S. Perumanoor,A,28,1 to 4,16,LP
"MALAYALAM,ENGLISH",10.02045,76.30816,"12,16",184,26064,Pius Girls H.S Edappally,A,29,5 to 10,"475,626",HS
"MALAYALAM,ENGLISH",9.984286,76.278955,"7,21",46,26033,St. Albert`s H.S.S. Ernakulam,A,30,5 to 10,"251,1072",HS
MALAYALAM,9.987107,76.295273,7,9,26253,St. Joachim`s G.U.P.S. Kaloor,A,31,1 to 7,189,UP
MALAYALAM,10.068873,76.283139,7,9,26247,St. Mary`s U.P.S. West Cheranelloor,A,32,1 to 7,195,UP
"MALAYALAM,ENGLISH",9.975943,76.278635,"6,25",53,26037,St. Teresa`s C.G.H.S.S. Ernakulam,A,33,5 to 10,"179,1574",HS
MALAYALAM,9.994813,76.287313,4,4,26233,Union L.P.S. Thrikkanarvattom,A,34,1 to 4,26,LP
"MALAYALAM,ENGLISH",9.822871,76.27299,"8,5",14,26327,St. Mary`s L.P.S. Chellanam,A,35,1 to 4,"284,177",LP
"MALAYALAM,ENGLISH",9.871705,76.266314,"4,4",8,26329,St. Antony`s L.P.S. Kannamaly,A,36,1 to 4,"60,71",LP
MALAYALAM,9.921208,76.250628,4,4,26314,St. Michael`s. L.P.S. Manachery,A,37,1 to 4,42,LP
MALAYALAM,9.963548,76.241495,4,4,26307,St. Francis Church. L.P.S. Fortcochi,A,38,1 to 4,42,LP
MALAYALAM,9.90883,76.280111,17,20,26341,St. Antony`s U .P.S. Palluruthy,A,39,1 to 7,501,UP
"MALAYALAM,ENGLISH",9.938491,76.249596,"10,19",41,26105,Loretto A.I.H.S. Saudi,A,40,1 to 10,"318,847",HS
MALAYALAM,9.871758,76.265755,14,25,26004,St. Mary`s H.S. Kannamaly,A,41,5 to 10,439,HS
"MALAYALAM,ENGLISH",9.96525,76.244354,"16,16",52,26015,Fathima Girls H.S. Fortcochin,A,42,5 to 10,"799,900",HS
"MALAYALAM,ENGLISH",9.934044,76.265437,"13,9",25,26054,St. Sebastian`s H.S.S. Palluruthy,A,43,5 to 10,"494,413",HS
MALAYALAM,9.959171,76.252164,4,7,26303,G.H.S.L.P.S Mattanchery,G,44,1 to 4,12,LP
"MALAYALAM,ENGLISH",9.909199,76.295933,"10,10",20,26090,Govt. H.S. Edacochi,G,45,1 to 10,"139,188",HS
MALAYALAM,10.018573,76.226108,4,4,26516,St. Peter`s. L.P.S. Malippuram,A,46,1 to 4,68,LP
MALAYALAM,10.08666,76.361038,4,5,25215,Asoka L. P. S. Asokapuram,A,47,1 to 4,49,LP
"MALAYALAM,ENGLISH",10.106432,76.318227,"10,2",21,25106,Govt. H. S. West Kadungallur,G,48,1 to 10,"274,37",HS
MALAYALAM,10.115339,76.45398,9,17,25005,Govt. H. S. Mudickal,G,49,1 to 10,117,HS
MALAYALAM,10.115155,76.330135,4,5,25205,Govt. L. P. S. East Kadungalloor,G,50,1 to 4,46,LP
MALAYALAM,10.050781,76.334543,4,5,25209,Govt. L. P. S. Pallilamkara,G,51,1 to 4,15,LP
MALAYALAM,10.122705,76.332766,4,5,25206,Govt. L. P. S. North Kadungalloor,G,52,1 to 4,25,LP
MALAYALAM,10.103062,76.389326,7,11,25251,Govt. U. P. S. Keezhmad,G,53,1 to 7,122,UP
"MALAYALAM,ENGLISH",10.128276,76.301075,"28,28",48,25076,K. E. M. H. S. Alangad,A,54,5 to 10,"1064,1064",HS
MALAYALAM,10.11925,76.417735,3,6,25262,Kerala Varma Sanskrit U. P. S. Thekkumbhagom,A,55,5 to 7,84,UP
MALAYALAM,10.018021,76.348253,6,8,25223,M. A. A. M. Panchayat L. P. S. Kakkanad,A,56,1 to 4,139,LP
"MALAYALAM,ENGLISH",10.092883,76.287402,"7,7",16,25258,Sacred Heart of Jesus U. P. S. Eloor,A,57,1 to 7,"165,228",UP
MALAYALAM,10.085378,76.336606,4,7,25202,S. P. W. Govt. L. P. S. Aluva,G,58,1 to 4,56,LP
"MALAYALAM,ENGLISH",10.112493,76.357804,"19,13",53,25018,St. Francis H. S. S. Aluva,A,59,5 to 12,"1077,763",HS
MALAYALAM,10.083151,76.280597,4,4,25230,St. Mary`s L. P. S. Muttinakkam,A,60,1 to 4,61,LP
"MALAYALAM,ENGLISH",10.145615,76.427347,"4,3",7,25226,St. Mary`s L. P. S. Kanjoor,A,61,1 to 4,"179,158",LP
MALAYALAM,10.188945,76.203423,5,6,25847,Govt. L. P. B. S. Moothakunnam,G,62,1 to 5,79,LP
"MALAYALAM,ENGLISH",10.170493,76.234253,"4,0",7,25802,G. L. P. S. Chendamangalam,G,63,1 to 4,"143,0",LP
MALAYALAM,10.135285,76.219524,4,5,25806,Govt. L. P. S. Kedamangalam,G,64,1 to 4,141,LP
MALAYALAM,10.164991,76.213877,4,5,25819,Govt. Mohammeden L. P. S. Vadakkekara,G,65,1 to 4,39,LP
"MALAYALAM,ENGLISH",10.173296,76.268359,"12,6",30,25033,Elenthikkara High School,A,66,5 to 10,"464,251",HS
MALAYALAM,10.149033,76.227542,5,6,25848,Govt. L. P. G. S. North Paravoor,G,67,1 to 5,52,LP
"MALAYALAM,ENGLISH",10.187902,76.203115,"13,6",34,25055,S. N. M. H. S. S. Moothakunnam,A,68,5 to 10,"469,243",HS
MALAYALAM,10.17846,76.209426,4,5,25818,Govt. S. N. V. L. P. S. Thuruthipuram,G,69,1 to 4,54,LP
"MALAYALAM,ENGLISH",10.149599,76.233519,"12,7",19,25836,St. Germain`s Zion L. P. S. North Paravoor,A,70,1 to 4,"390,241",LP
MALAYALAM,10.196423,76.218969,18,29,25099,St. Joseph`s H. S. Chathedom,A,71,1 to 10,465,HS
"MALAYALAM,ENGLISH",10.100055,76.26498,"21,12",51,25051,St. Philomina`s H. S. S. Koonammavu,A,72,5 to 10,"871,530",HS
MALAYALAM,10.014927,76.428838,11,19,25107,Govt. H. S. S. Pazhanthottam,G,73,1 to 10,263,HS
MALAYALAM,10.034957,76.408689,4,5,25608,Govt. L. P. S. Kizhakkambalam,G,74,1 to 4,20,LP
"MALAYALAM,ENGLISH",10.00621,76.459929,"5,2",9,25606,Govt. L. P. S. Kadayirippu,G,75,1 to 4,"144,72",LP
MALAYALAM,10.036833,76.450128,7,11,25633,Govt. U. P. S. Kummanode,G,76,1 to 7,141,UP
MALAYALAM,9.977702,76.496063,7,10,25632,Govt. U. P. S. Kadamattom,G,77,1 to 7,59,UP
MALAYALAM,10.003642,76.390991,4,5,25626,L. P. S. Pinarmunda,A,78,1 to 4,51,LP
MALAYALAM,9.989027,76.496954,4,4,25619,Mar Thoma L. P. S. Kadackanad,A,79,1 to 4,67,LP
MALAYALAM,10.035067,76.407542,32,52,25042,St. Joseph`s H. S. Kizhakkambalam,A,80,5 to 10,1264,HS
"MALAYALAM,ENGLISH",10.168004,76.443683,"4,4",8,25429,B. J. B. S. Kalady,A,81,1 to 4,"86,162",LP
MALAYALAM,10.185529,76.397308,5,6,25448,Govt. J. B. S. Angamally,G,82,1 to 5,32,LP
MALAYALAM,10.251922,76.476072,4,5,25405,Govt. L. P. S. Chully,G,83,1 to 4,45,LP
MALAYALAM,10.15632,76.305152,4,5,25408,Govt. L. P. S. Kunnuvayal,G,84,1 to 4,40,LP
MALAYALAM,10.137111,76.362016,7,11,25456,Govt. U. P. S. Kaprassery,G,85,1 to 7,152,UP
MALAYALAM,10.219377,76.485732,4,4,25428,Gurudevan L. P. S. Kannimangalam,A,86,1 to 4,11,LP
MALAYALAM,10.258237,76.52463,10,17,25083,Kalady Plantation H. S. Kalady Plantation,A,87,1 to 10,137,HS
"MALAYALAM,ENGLISH",10.273743,76.412785,"7,7",16,25460,O. L. P. H. U. P. S. Edakkunnu,A,88,1 to 7,"176,294",UP
MALAYALAM,10.183656,76.367535,4,4,25422,St. Antony`s L. P. S. Champannur,A,89,1 to 4,36,LP
MALAYALAM,10.228326,76.380316,29,46,25041,St. Joseph`s Girls H. S. Karukutty,A,90,5 to 10,1161,HS
MALAYALAM,10.211564,76.38128,2,4,25424,St. Joseph`s L. P. S. Karayamparambu,A,91,1 to 4,5,LP
MALAYALAM,10.208262,76.336648,0,4,25423,St. Rockey`s L. P. S. Elavoor,A,92,1 to 4,0,LP
MALAYALAM,10.21279,76.448179,260,9,25435,St. Mary`s L. P. S. Manjapra,A,93,1 to 4,249,LP
"MALAYALAM,ENGLISH",10.085372,76.209371,"18,2",31,26022,K.P.M.H.S. Edavanakkad,A,94,5 to 10,"727,88",HS
MALAYALAM,10.096061,76.474017,10,15,27258,G.U.P.S. Allapra,G,95,1 to 7,216,UP
MALAYALAM,10.105029,76.434277,7,10,27206,Govt. UPS North Ezhipram,G,96,1 to 7,134,UP
MALAYALAM,10.061519,76.455506,7,10,27210,Govt. UPS Perumani,G,97,1 to 7,68,UP
MALAYALAM,10.096077,76.470242,7,11,27202,Govt. UPS Kandanthara,G,98,1 to 7,89,UP
"MALAYALAM,ENGLISH",10.097434,76.45305,"20,16",49,27017,Jama - Ath H S S Thandakad,A,99,1 to 10,"740,637",HS
MALAYALAM,10.100909,76.441809,4,5,27247,LPS North Ponjassery,A,100,1 to 4,96,LP
"MALAYALAM,ENGLISH",10.116774,76.429428,"4,4",10,27245,LPS Pallippuram Marampally P.O,A,101,1 to 4,"75,240",LP
MALAYALAM,9.936153,76.327467,4,5,26405,Govt. .LP.S. Mangayil,G,102,1 to 4,32,LP
MALAYALAM,9.93675,76.327055,9,19,26044,Govt. V.H.S.S. Mangayil,G,103,5 to 10,209,HS
MALAYALAM,9.941616,76.316048,4,5,26411,Govt. J.B.S Kundannoor,G,104,1 to 4,18,LP
MALAYALAM,9.941048,76.332277,4,4,26423,S.D.V.L.P.S. Maradu,A,105,1 to 4,30,LP
"MALAYALAM,ENGLISH",9.937475,76.323012,"9,4",17,26444,St. Mary`s U.P.S. Moothedam,A,106,1 to 7,"242,118",UP
MALAYALAM,9.92828,76.312112,7,10,26446,S.V.U.P.S. Nettoor,A,107,1 to 7,122,UP
MALAYALAM,9.992497,76.265248,53,4,26226,Aided L.P.S. Mulavucad,A,108,1 to 4,53,LP
MALAYALAM,9.896862,76.336985,4,4,26211,Desabandhu School. Cheppanam,A,109,1 to 4,107,LP
MALAYALAM,10.008309,76.241325,5,6,26244,Govt. Fisheries L.P.S. Panambukadu,G,110,1 to 4,26,LP
MALAYALAM,9.905119,76.326776,4,5,26206,Govt. L.P.S. Udayathumvathukkal,G,111,1 to 4,61,LP
MALAYALAM,10.002554,76.262742,11,22,26081,Hidayathul Islam H.S. Ponnarimangalam,A,112,1 to 10,299,HS
MALAYALAM,9.889093,76.312644,4,4,26223,N.I.J.L.P.S. Kumbalam,A,113,1 to 4,17,LP
"MALAYALAM,ENGLISH",9.897337,76.309206,"8,6",26,26041,R.P.M.H.S. Kumbalam,A,114,5 to 10,"277,105",HS
MALAYALAM,9.897971,76.309606,28,4,26224,Sree Rama Varma S.M.G.L.P.S.Kumbalam,A,115,1 to 4,29,LP
ENGLISH,9.992791,76.246724,4,4,26237,St. Antony`s .E.P.S. Vallarpadam,A,116,1 to 4,50,LP
MALAYALAM,9.889457,76.32323,9,12,26256,St. Antony`s U.P.S. Panangad,A,117,1 to 7,237,UP
ENGLISH,10.014544,76.259322,4,4,26208,St. Francis A.I.L.P.S. Bolgatty,A,118,1 to 4,76,LP
MALAYALAM,10.002963,76.244696,4,5,26228,St. Joseph`s L.P.S. Panambucad,A,119,1 to 4,49,LP
"MALAYALAM,ENGLISH",9.989231,76.249562,"11,5",27,26026,St. Mary`s H.S. Vallarpadom,A,120,1 to 10,"313,175",HS
MALAYALAM,9.994932,76.264441,66,4,26231,St. Mary`s L.P.S Ponnarimangalam,A,121,1 to 4,61,LP
MALAYALAM,10.006356,76.233319,20,36,26027,Santa Cruz H.S Ochanthuruth,A,122,5 to 10,703,HS
MALAYALAM,10.007014,76.261876,7,10,26258,St. Sebastian`s U.P.S. Ponjikkara,A,123,1 to 7,66,UP
"MALAYALAM,ENGLISH",9.89814,76.323245,"25,13",65,26069,V.H.S.S. Panangad,A,124,1 to 10,"874,518",HS
"MALAYALAM,ENGLISH",10.072775,76.212056,"21,2",37,26023,Bhagavathy Vilasom H.S. Nayarambalam,A,125,1 to 10,"736,59",HS
ENGLISH,10.010691,76.235759,4,4,26526,Cruz Miracles E.P.S. Ochanthuruth,A,126,1 to 4,107,LP
MALAYALAM,10.056483,76.21483,7,9,26539,Devi Vilasom U.P.S. Nayarambalam,A,127,1 to 7,88,UP
ENGLISH,10.032418,76.228916,8,8,26512,E.P. School Elankunnapuzha,A,128,1 to 4,308,LP
MALAYALAM,10.047728,76.228868,4,4,26517,G.D.S.M.A.I.L.P.S. Manjanikkad,A,129,1 to 4,21,LP
MALAYALAM,10.047028,76.214846,10,14,26531,Govt. Fisheries U.P.S. Njarakkal,G,130,1 to 7,177,UP
"MALAYALAM,ENGLISH",10.03031,76.231062,"10,2",23,26025,Govt.H.S.S Elamkunnapuzha,G,131,5 to 10,"330,41",HS
MALAYALAM,10.128682,76.197559,4,1,26502,Govt. .L.P.G.S. Cherai,G,132,1 to 4,46,LP
MALAYALAM,10.1451,76.198353,30,5,26501,Govt.. L.P.S .Cherai,G,133,1 to 4,30,LP
MALAYALAM,10.169667,76.180642,4,5,26504,Govt. .L.P.S. Palliport,G,134,1 to 4,57,LP
MALAYALAM,9.975779,76.2423,7,11,26533,Govt. U.P.S. Vypeen,G,135,1 to 7,63,UP
MALAYALAM,10.084252,76.209702,7,10,26530,Govt. U.P.S. Edavanakkad,G,136,1 to 7,94,UP
MALAYALAM,10.002406,76.226313,7,12,26532,Govt. U.P.S. Puthuvaippu,G,137,1 to 7,76,UP
MALAYALAM,10.030347,76.222098,5,6,26529,Govt. L.P.S. Elankunnapuzha,G,138,1 to 5,57,LP
MALAYALAM,10.028494,76.23104,4,5,26503,Govt. New .L.P.S. Elankunnapuzha,G,139,1 to 4,22,LP
"MALAYALAM,ENGLISH",10.090502,76.208281,"26,24",76,26089,Hidayathul Islam H.S.S. Edavanakkad,A,140,1 to 10,"1096,1057",HS
"MALAYALAM,ENGLISH",10.020024,76.22613,"12,7",24,26536,Igmathul Islam Vernicular U.P.S .Malipuram,A,141,1 to 7,"360,194",UP
"MALAYALAM,ENGLISH",10.165569,76.183917,"7,7",15,26541,Little Flower U.P.S. Palliport,A,142,1 to 7,"151,277",UP
"MALAYALAM,ENGLISH",10.001028,76.240194,"86,164",8,26524,Little Teresa`s .G.L.P.S. Ochanthuruth,A,143,1 to 4,"239,239",LP
"MALAYALAM,ENGLISH",10.000905,76.24028,"70,130",8,26543,Infant Jesus U.P.S. Ochanthuruth,A,144,5 to 7,"197,197",UP
MALAYALAM,10.109201,76.202304,4,5,26515,P.B.D.L.P.S Kuzhuppilly,A,145,1 to 4,75,LP
MALAYALAM,10.036505,76.224432,4,5,26521,Perumpilly Church .L.P.S Njarakkal,A,146,1 to 4,105,LP
"MALAYALAM,ENGLISH",10.134986,76.192711,"4,4",9,26508,Ramavarma Union L.P.S. Cherai,A,147,1 to 4,"87,131",LP
"MALAYALAM,ENGLISH",10.128289,76.197142,"15,6",33,26005,Rama Varma Union H.S Cherai,A,148,5 to 10,"616,185",HS
MALAYALAM,10.064549,76.198811,3,3,26544,S.B.S.L.P.S. Puthenkadappuram,A,149,1 to 3,19,LP
MALAYALAM,10.063742,76.224809,4,4,26523,Sacred Family .L.P.S Nedungad,A,150,1 to 4,68,LP
"MALAYALAM,ENGLISH",10.02198,76.23428,"7,3",13,26534,Sacred Heart Girls U.P.S. Karthedom,A,151,1 to 7,"181,90",UP
"MALAYALAM,ENGLISH",10.132376,76.195743,"29,4",50,26008,Sahodaran Memorial H.S.S. Cherai,A,152,5 to 10,"1095,171",HS
"MALAYALAM,ENGLISH",10.151063,76.189091,"8,4",12,26507,Sahodaran Memorial .L.P.S. Cherai,A,153,1 to 4,"193,164",LP
"MALAYALAM,ENGLISH",10.094598,76.206359,"4,4",9,26511,SP Sabha L.P.S. Edavanakad,A,154,1 to 4,"108,129",LP
MALAYALAM,10.155365,76.187565,11,17,26542,S.S .Araya .U.P.S. Pallippuram,A,155,1 to 7,296,UP
MALAYALAM,10.001722,76.235172,14,18,26540,S.S.S.S.U.P.S. Ochanthuruth,A,156,1 to 7,370,UP
"MALAYALAM,ENGLISH",10.044375,76.216664,"4,4",8,26522,Sree Kumara Vilasom Araya .L.P.S. Njarakkal,A,157,1 to 4,"71,90",LP
MALAYALAM,10.082592,76.209487,8,9,26510,St. Ambroses L.P.S. Edavanakkad,A,158,1 to 4,214,LP
"MALAYALAM,ENGLISH",10.063389,76.215828,"5,4",10,26528,St. Joseph`s L.P.S. Wadal Nayarambalam,A,159,1 to 5,"96,134",LP
"MALAYALAM,ENGLISH",10.166948,76.180956,"20,9",46,26006,St. Mary`s H.S.Palliport,A,160,1 to 10,"635,261",HS
"MALAYALAM,ENGLISH",10.048539,76.220205,"17,12",41,26537,St. Mary`s U.P.S. Njarakkal,A,161,1 to 7,"413,723",UP
"MALAYALAM,ENGLISH",10.114484,76.201074,"14,10",38,26086,St. Augustin`s G.H.S. Kuzhippilly,A,162,5 to 10,"640,506",HS
MALAYALAM,10.14858,76.189971,4,4,26505,St. George`s. L.P.S. Chakkarakadavu,A,163,1 to 4,65,LP
MALAYALAM,10.114781,76.200669,9,19,26535,St. Gregory`s U.P.S. Kuzhuppilly,A,164,1 to 7,286,UP
MALAYALAM,10.124922,76.202601,4,4,26518,St. John`s .L.P.S. Manappilly,A,165,1 to 4,87,LP
MALAYALAM,10.181716,76.174894,4,5,26519,St. Joseph`s .L.P.S. Munambam,A,166,1 to 4,108,LP
MALAYALAM,10.026167,76.232218,4,4,26513,St. Joseph`s .L.P.S. Karthedam,A,167,1 to 4,45,LP
MALAYALAM,10.01105,76.232261,4,4,26525,St. Mary`s .L.P.S. Ochanthuruth,A,168,1 to 4,35,LP
MALAYALAM,10.001188,76.238688,4,5,26514,St. Peter`s .L.P.S Kurisingal,A,169,1 to 4,45,LP
MALAYALAM,10.159574,76.185668,4,4,26527,St. Rocky`s L.P.S. Pallipuram,A,170,1 to 4,61,LP
MALAYALAM,10.055568,76.226724,7,10,26538,Union U.P.S. Nedungadu,A,171,1 to 7,114,UP
"MALAYALAM,ENGLISH",10.12208,76.201089,"4,4",8,26509,Vinjana Dhayini Sabha L.P.S. Cheruvaipu,A,172,1 to 4,"97,115",LP
MALAYALAM,10.13307,76.194997,4,5,26506,Vinjana Vardhini Sabha .L.P.S. Cherai,A,173,1 to 4,121,LP
"MALAYALAM,ENGLISH",10.087941,76.416142,"270,119",24,25073,Govt. H. S. S. South Vazhakulam,G,174,5 to 10,"389,301",HS
"MALAYALAM,ENGLISH",10.108065,76.41245,"5,3",19,25006,N. I. V. H. S. S. Marampilly,A,175,8 to 10,"194,69",HS
"MALAYALAM,ENGLISH",9.90695,76.306069,"7,6",15,26255,St. Mary`s U.PS Kumbalam,A,176,1 to 7,"160,166",UP
"MALAYALAM,ENGLISH",10.043956,76.22106,"16,6",39,26053,Little Flower H.S. Njarakkal,A,177,8 to 10,"503,259",HS
MALAYALAM,9.987816,76.240047,4,5,26520,St. Mary`s .L.P.S Murikkumpadam,A,178,1 to 4,81,LP
"MALAYALAM,ENGLISH",10.12083,76.434979,"6,3",13,27213,Al Mubarak UPS Pallipuram,A,179,5 to 7,"143,138",UP
"MALAYALAM,ENGLISH",10.004983,76.486055,"5,3",17,28019,M R S V H S S Mazhuvannoor,A,180,8 to 10,"172,83",HS
MALAYALAM,10.076429,76.478043,4,5,27234,Govt. LPGS Vengola,G,181,1 to 4,23,LP
MALAYALAM,10.087095,76.415851,4,6,27233,Govt. LPS South Vazhakulam,G,182,1 to 4,106,LP
MALAYALAM,10.107711,76.416804,7,11,27207,Govt. UPS North Vazhakulam,G,183,1 to 7,156,UP
MALAYALAM,10.073292,76.447371,4,5,27251,Mar Thoma LPS Vengola,A,184,1 to 4,81,LP
MALAYALAM,10.073524,76.448203,10,20,27016,Salem High School West Vengola,A,185,5 to 10,343,HS
"MALAYALAM,ENGLISH",10.119234,76.403105,"8,4",14,25220,Darusalam L. P. S. Chalakkal,A,186,1 to 4,"244,213",LP
"MALAYALAM,ENGLISH",10.119897,76.388306,"10,4",23,25004,Govt. H. S. Kuttamassery,G,187,1 to 10,"231,101",HS
MALAYALAM,10.069323,76.390171,13,24,25003,Govt. H. S. S. Edathala,G,188,1 to 10,246,HS
MALAYALAM,10.085818,76.424925,15,25,25074,Govt. H. S. S. South Ezhippuram,G,189,1 to 10,384,HS
MALAYALAM,10.089162,76.367085,4,5,25204,Govt. L. P. S. Erumathala,G,190,1 to 4,21,LP
MALAYALAM,10.069681,76.366099,7,11,25253,Govt. U. P. S. Nochima,G,191,1 to 7,112,UP
MALAYALAM,10.046727,76.363416,6,24,25095,Govt. V. H. S. S. Thrikkakara,G,192,5 to 10,216,HS
"MALAYALAM,ENGLISH",10.076181,76.387572,"7,7",18,25256,K. N. M. M. E. S. U. P. S. Edathala,A,193,1 to 7,"208,245",UP
MALAYALAM,10.109046,76.380373,4,5,25235,S. N. G. L. P. S. Thottumugham,A,194,1 to 4,109,LP
"MALAYALAM,ENGLISH",10.085434,76.336971,"11,5",28,25010,S. P. W. H. S. Aluva,A,195,5 to 10,"495,475",HS
"MALAYALAM,ENGLISH",10.085128,76.380362,"18,17",39,25259,St. Joseph`s U. P. S. Chunangamveli,A,196,1 to 7,"666,711",UP
MALAYALAM,10.087595,76.350759,4,0,25232,TSC LPS Thaikkattukara,A,197,1 to 4,20,LP
"MALAYALAM,ENGLISH",10.034252,76.430071,"40,14",71,25043,Bethlehem Girls H. S. Njaralloor,A,198,1 to 10,"1657,588",HS
"MALAYALAM,ENGLISH",10.000944,76.458769,"18,14",51,25049,Govt. H. S. S. Kadayirippu,G,199,5 to 10,"760,604",HS
"MALAYALAM,ENGLISH",9.951136,76.455566,"16,13",46,25050,Govt. H. S. S. Poothrikka,G,200,1 to 10,"415,469",HS
MALAYALAM,9.937672,76.444513,4,5,25614,Govt. J. B. S. Neeramugal,G,201,1 to 4,17,LP
MALAYALAM,9.933588,76.408919,4,5,25609,Govt. J. B. S. Kaniattunirappu,G,202,1 to 4,56,LP
MALAYALAM,9.995701,76.418871,4,5,25611,Govt. J. B. S. Kutta,G,203,1 to 4,19,LP
MALAYALAM,9.947806,76.395052,4,5,25615,Govt. J. B. S. Vennikulam,G,204,1 to 4,67,LP
MALAYALAM,10.072849,76.413423,4,6,25610,Govt. L. P. S. Malayidamthuruthu,G,205,1 to 4,20,LP
MALAYALAM,10.00542,76.486165,4,5,25620,Govt. L. P. S. South Mazhuvannoor,G,206,1 to 4,29,LP
MALAYALAM,10.003892,76.400155,4,5,25616,Govt. L. P. S. Vempilly,G,207,1 to 4,81,LP
MALAYALAM,10.0177,76.529477,4,5,25618,Govt. L. P. S. Veettoor,G,208,1 to 4,31,LP
MALAYALAM,9.930162,76.431654,4,5,25603,Govt. L. P. S. Attinikkara,G,209,1 to 4,23,LP
MALAYALAM,9.987881,76.442962,4,5,25612,Govt. L. P. S. Pancode,G,210,1 to 4,56,LP
MALAYALAM,9.96493,76.459335,4,5,25605,Govt. L. P. S. Kakkattupara,G,211,1 to 4,19,LP
MALAYALAM,9.977698,76.473049,4,5,25607,Govt. L. P. S. Kolenchery,G,212,1 to 4,25,LP
"MALAYALAM,ENGLISH",9.986017,76.428455,"6,3",12,25631,Govt. L. P. S. Vadavucode,G,213,1 to 5,"211,123",LP
MALAYALAM,9.970506,76.440079,4,5,25613,Govt. L. P. S. Vadayampadi,G,214,1 to 4,31,LP
MALAYALAM,10.027046,76.501934,7,10,25634,Govt. U. P. S. Kunnakurudy,G,215,1 to 7,71,UP
MALAYALAM,10.028356,76.492516,7,10,25638,Govt. U. P. S. North Mazhuvannoor,G,216,1 to 7,89,UP
MALAYALAM,10.056685,76.417544,7,10,25637,Govt. U. P. S. Oorakkad,G,217,1 to 7,103,UP
MALAYALAM,10.025157,76.472324,7,10,25643,Govt. U. P. S. Valampoor,G,218,1 to 7,129,UP
MALAYALAM,10.0412,76.418078,7,11,25641,Govt. U. P. S. Vilangu,G,219,1 to 7,68,UP
MALAYALAM,9.955703,76.435401,7,11,25640,Govt. U. P. S. Kurinji,G,220,1 to 7,52,UP
"MALAYALAM,ENGLISH",9.970006,76.425789,"8,3",16,25635,Govt. U. P. S. Puthencruz,G,221,1 to 7,"171,87",UP
MALAYALAM,9.956348,76.492206,7,10,25639,Govt. U. P. S. Karukappilly,G,222,1 to 7,53,UP
MALAYALAM,9.975164,76.405092,7,11,25636,Govt. U. P. S. Puttumanoor,G,223,1 to 7,71,UP
MALAYALAM,9.976692,76.382388,208,21,25031,Govt. V. H. S. S. Ambalamugal,G,224,1 to 10,198,HS
MALAYALAM,9.986517,76.472016,4,4,25624,L. P. S. Mangattoor,A,225,1 to 4,40,LP
MALAYALAM,9.950172,76.481694,4,4,25627,L. P. S. Thammanimattam,A,226,1 to 4,18,LP
MALAYALAM,10.016258,76.500506,4,4,25617,M. G. M. L. P. S. North Mazhuvannoor,A,227,1 to 4,28,LP
"MALAYALAM,ENGLISH",9.971478,76.427609,"6,3",18,25086,M. G. M. H. S. Puthencruze,A,228,8 to 10,"219,77",HS
MALAYALAM,9.963653,76.466257,7,9,25645,M. M. U. P. S. Kinginimattam,A,229,1 to 7,81,UP
MALAYALAM,10.032791,76.499093,4,5,25601,N. S. S. Govt. L. P. S. Airapuram,G,230,1 to 4,24,LP
"MALAYALAM,ENGLISH",9.985826,76.429204,"14,15",48,25077,Rajarshi Memorial H. S. S. Vadavucode,A,231,5 to 10,"497,561",HS
MALAYALAM,10.033101,76.405123,5,5,25622,St. Antony`s L. P. S. Kizhakkambalam,A,232,1 to 4,169,LP
"MALAYALAM,ENGLISH",10.044401,76.394737,"6,2",10,25623,St. Augustine`s L. P. S. Pazhanganad,A,233,1 to 4,"160,71",LP
"MALAYALAM,ENGLISH",9.947118,76.396173,"12,14",35,25066,St. George`s H. S. Vennikulam,A,234,5 to 10,"503,569",HS
"MALAYALAM,ENGLISH",9.933339,76.408597,"6,5",15,25100,St. John`s J. S. H. S. Kaniattunirappu,A,235,5 to 10,"97,174",HS
"MALAYALAM,ENGLISH",10.019959,76.40153,"22,21",52,25044,St. Mary`s H. S. S. Morakkala,A,236,1 to 10,"877,814",HS
MALAYALAM,9.949147,76.377407,6,7,25625,Sree Narayana L. P. S. Mamala,A,237,1 to 4,184,LP
MALAYALAM,10.036976,76.503682,4,6,25602,St. Paul`s Govt. L. P. S. Airapuram,G,238,1 to 4,33,LP
"MALAYALAM,ENGLISH",9.934164,76.42658,"6,3",15,25065,St. Philomina`s H. S. Thiruvaniyoor,A,239,5 to 10,"179,94",HS
MALAYALAM,9.987869,76.441493,3,5,25646,St. Peter`s U. P. S. Pancode,A,240,5 to 7,27,UP
"MALAYALAM,ENGLISH",9.978964,76.473367,"9,6",25,25047,St. Peter`s V. H. S. And H. S. S. Kolenchery,A,241,5 to 12,"304,152",HS
"MALAYALAM,ENGLISH",10.004565,76.486122,"6,3",9,25642,S. R. V. U. P. S. Mazhuvannoor,A,242,5 to 7,"162,102",UP
"MALAYALAM,ENGLISH",10.009883,76.524055,"6,2",8,25628,St. Thomas L. P. S. Nellad,A,243,1 to 4,"163,77",LP
"MALAYALAM,ENGLISH",10.066769,76.629075,"21,12",54,27029,St. Augustine`s Girls H S S Kothamangalam,A,244,5 to 10,"1118,603",HS
"MALAYALAM,ENGLISH",10.117423,76.488629,"11,7",33,27004,Asram High. Sec. School Perumbavoor,A,245,5 to 10,"369,294",HS
MALAYALAM,10.118185,76.487066,4,5,27246,Asram LPS Perumbavoor,A,246,1 to 4,132,LP
"MALAYALAM,ENGLISH",10.118333,76.480376,"4,4",10,27226,Govt. Boys LPS Perumbavoor,G,247,1 to 4,"81,130",LP
MALAYALAM,10.119319,76.473502,6,9,27227,Govt. Girls LPS Perumbavoor,G,248,1 to 4,173,LP
MALAYALAM,9.984179,76.588051,10,19,28006,Govt. East H S Muvattupuzha,G,249,1 to 10,93,HS
MALAYALAM,9.989832,76.579152,7,10,28420,Govt. Town U PS Muvattupuzha,G,250,1 to 7,65,UP
MALAYALAM,9.996317,76.571477,4,5,28407,Govt. J B S Vazhappilly,G,251,1 to 4,29,LP
MALAYALAM,9.979322,76.576332,3,10,28004,Govt. Model H S Muvattupuzha,G,252,8 to 10,30,HS
MALAYALAM,9.971728,76.570976,7,10,28421,Govt. U P S North Marady,G,253,1 to 7,63,UP
"MALAYALAM,ENGLISH",9.998531,76.587157,"8,4",14,28409,Kavunkara Muslim L P S Muvattupuzha,A,254,1 to 4,"246,179",LP
"MALAYALAM,ENGLISH",9.980657,76.580741,"7,6",13,28410,Little Flower L P S Muvattupuzha,A,255,1 to 4,"233,271",LP
"MALAYALAM,ENGLISH",9.979312,76.578898,"15,6",37,28002,St. Augustine`s Girls H S S Muvattupuzha,A,256,5 to 10,"797,364",HS
"MALAYALAM,ENGLISH",9.984394,76.576237,"11,5",32,28003,S N D P H S S Muvattupuzha,A,257,8 to 10,"466,189",HS
"MALAYALAM,ENGLISH",10.001621,76.602158,"4,4",9,27376,Fathima LPS Karakunnam,A,258,1 to 4,"87,143",LP
MALAYALAM,10.006334,76.60323,13,24,27030,Fr. Joseph Memorial H S S Puthuppady,A,259,5 to 10,417,HS
"MALAYALAM,ENGLISH",10.069748,76.640027,"11,7",17,27319,FJBMUPS Malayinkeezhu,A,260,1 to 7,"386,258",UP
MALAYALAM,10.06213,76.63133,10,17,27040,Govt. H S Ayyankavu,G,261,1 to 10,131,HS
MALAYALAM,10.118041,76.481301,10,22,27006,Govt. H. S.S Perumbavoor,G,262,5 to 10,282,HS
MALAYALAM,10.017842,76.604075,4,6,27332,Govt. LPS Puthuppady,G,263,1 to 4,44,LP
MALAYALAM,10.073098,76.628692,4,5,27329,Govt. LPS Karingazha,G,264,1 to 4,16,LP
MALAYALAM,10.053659,76.655297,5,6,27343,Govt. LPS Maramangalam,G,265,1 to 5,30,LP
MALAYALAM,10.020633,76.59212,4,6,27333,Govt. LPS Venduvazhy,G,266,1 to 4,155,LP
MALAYALAM,10.065616,76.62105,7,11,27306,Govt. UPS Kothamangalam,G,267,1 to 7,116,UP
"MALAYALAM,ENGLISH",10.063596,76.625848,"29,11",63,27021,Mar Basil H S S Kothamangalam,A,268,5 to 10,"1418,509",HS
MALAYALAM,10.064777,76.654996,4,4,27379,Kothamangalam Municipal LPS Valiapara,A,269,1 to 4,21,LP
"MALAYALAM,ENGLISH",10.069433,76.628679,"4,4",8,27359,Sacred Heart LPS Ramallur,A,270,1 to 4,"170,170",LP
MALAYALAM,10.127096,76.477636,4,5,27229,Govt. LPS Kanjirakkad,G,271,1 to 4,36,LP
"MALAYALAM,ENGLISH",10.115878,76.473284,"18,17",56,27007,Govt. H S for Girls Perumbavoor,G,272,5 to 10,"712,737",HS
MALAYALAM,10.109224,76.497981,13,20,27005,Govt. V H S S Iringole,G,273,1 to 10,320,HS
MALAYALAM,9.985326,76.331564,4,4,26431,C.E.Z.M.L.P.S. Thripoonithura,A,274,1 to 4,53,LP
MALAYALAM,9.947595,76.347256,4,5,26408,Govt. L.P.G.S Thripoonithura,G,275,1 to 4,26,LP
"MALAYALAM,ENGLISH",9.947257,76.347762,"9,4",23,26072,Govt. Girls H.S.S. Tripunithura,G,276,5 to 10,"347,141",HS
MALAYALAM,9.952224,76.344709,6,14,26071,Govt. Sanskrit H.S.S. Tripunithura,G,277,5 to 10,37,HS
"MALAYALAM,ENGLISH",9.977586,76.334625,"7,5",18,26438,Govt. K.M.U.P.S. Eroor,G,278,1 to 7,"209,143",UP
MALAYALAM,9.942163,76.345423,7,11,26454,RLV UP School Tripunithura.,G,279,1 to 7,92,UP
MALAYALAM,9.938375,76.351789,7,11,26437,Govt. U.P.S. Thekkumbhagom,G,280,1 to 7,57,UP
"MALAYALAM,ENGLISH",9.94299,76.349499,"3,2",13,26070,Govt. Boy`s H.S.S And V.H.S.S Tripunithura,G,281,8 to 10,"156,78",HS
MALAYALAM,9.977275,76.333205,4,4,26415,K.M.L.P.S.. Eroor,A,282,1 to 4,22,LP
"MALAYALAM,ENGLISH",9.948741,76.342379,"4,2",9,26451,S.H.U.P.S. Kodamkulangara,A,283,5 to 7,"87,72",UP
"MALAYALAM,ENGLISH",9.925728,76.359571,"4,2",7,26427,St. Francis .L.P.S. Puthiyakavu,A,284,1 to 4,"118,63",LP
"MALAYALAM,ENGLISH",9.953965,76.345586,"10,11",25,26447,St. Joseph`s CGUPS Thripoonithura,A,285,1 to 7,"270,579",UP
"MALAYALAM,ENGLISH",9.954736,76.344528,"5,3",8,26421,St. Joseph`s .L.P.S.. Kodamkulangara,A,286,1 to 4,"102,90",LP
"MALAYALAM,ENGLISH",9.944552,76.348105,"6,3",9,26432,St. Mary`s .L.P.S. Thripoonithura,A,287,1 to 4,"160,106",LP
MALAYALAM,9.924907,76.351252,4,4,26428,S.V.L.P.S. Thekkumbhagom,G,288,1 to 4,91,LP
MALAYALAM,10.148288,76.24437,4,6,25813,Govt. K. V. L. P. S. North Paravoor,G,289,1 to 4,24,LP
MALAYALAM,10.152163,76.222829,4,5,25811,Govt. L. P. B. S. North Paravoor,G,290,1 to 4,36,LP
MALAYALAM,10.145253,76.215763,4,5,25815,Govt. L. P. S. Perumpadanna,G,291,1 to 4,55,LP
MALAYALAM,10.14769,76.225708,6,14,25067,Govt. H. S. S. North Paravoor,G,292,5 to 10,106,HS
MALAYALAM,10.147214,76.223528,6,15,25069,Govt. Girls H. S. S. North Paravoor,G,293,5 to 10,141,HS
"MALAYALAM,ENGLISH",10.143349,76.223372,"9,6",25,25070,Samooham. H. S. North Paravoor,A,294,5 to 10,"334,231",HS
"MALAYALAM,ENGLISH",10.144434,76.234632,"32,13",64,25068,Sree Narayana H. S. S. North Paravoor,A,295,5 to 10,"1181,458",HS
"MALAYALAM,ENGLISH",10.136598,76.227221,"26,19",58,25071,S. N. V. Sanskrit H. S. S. North Paravoor,A,296,5 to 10,"1287,819",HS
"MALAYALAM,ENGLISH",10.150327,76.218477,"25,22",67,25091,St. Alosius H. S. North Paravoor,A,297,5 to 10,"855,755",HS
"MALAYALAM,ENGLISH",10.148725,76.220256,"4,4",10,25835,St. Aloysius L. P. S. North Paravoor,A,298,1 to 4,"80,140",LP
"MALAYALAM,ENGLISH",10.149635,76.219748,"4,4",9,25837,St. Paul`s L. P. S. North Paravoor,A,299,1 to 4,"115,146",LP
MALAYALAM,10.143683,76.226382,4,5,25812,Govt. Town Model L. P. S. North Paravoor,G,300,1 to 4,35,LP
MALAYALAM,10.000943,76.37148,4,5,25604,Govt. J. B. S. Brahmapuram,G,301,1 to 4,16,LP
"MALAYALAM,ENGLISH",10.023778,76.444766,"9,5",25,25046,Mar Coorilose Memorial H. S. S. Pattimattom,A,302,8 to 10,"384,201",HS
MALAYALAM,10.001156,76.371493,3,5,25644,U. P. S. Brahmapuram,A,303,5 to 7,37,UP
MALAYALAM,10.007678,76.681125,13,25,27036,St. Mary`s H S Pothanicad,A,304,5 to 10,456,HS
"MALAYALAM,ENGLISH",10.149555,76.477994,"14,3",28,27020,Govt. H .S.S Cheranalloor Koovapady,G,305,1 to 10,"405,84",HS
"MALAYALAM,ENGLISH",10.169552,76.463189,"7,7",16,27211,Church UPS Cheranalloor,A,306,1 to 7,"139,208",UP
MALAYALAM,10.004202,76.663878,6,14,28043,St. John`s H S Pulinthanam,A,307,8 to 10,212,HS
"MALAYALAM,ENGLISH",10.003351,76.653807,"4,4",9,28411,St. Stephen`s L P S Parambenchery,A,308,1 to 4,"69,147",LP
MALAYALAM,10.020516,76.616295,4,5,27349,Govt. LPS Elangavam,G,309,1 to 4,72,LP
MALAYALAM,10.051437,76.63635,4,5,27339,Govt. LPS Kozhippilly,G,310,1 to 4,64,LP
MALAYALAM,10.006083,76.680151,4,5,27346,Govt. LPS Pothanicad,G,311,1 to 4,47,LP
MALAYALAM,10.02806,76.657378,10,21,27037,Govt. V H S S Pallarimangalam,G,312,1 to 10,299,HS
"MALAYALAM,ENGLISH",10.023746,76.646515,"11,19",34,27372,Muslim LPS Myloor,A,313,1 to 5,"370,694",LP
MALAYALAM,10.012123,76.688815,4,4,27375,Mar Thoma LPS Pothanicad,A,314,1 to 4,43,LP
"MALAYALAM,ENGLISH",10.028974,76.627776,"12,6",31,27031,N S S H S S Varappetty,A,315,5 to 10,"477,218",HS
MALAYALAM,10.113211,76.517496,7,10,27259,DIET LAB School Kuruppampady,G,316,1 to 7,102,UP
"MALAYALAM,ENGLISH",10.164879,76.465944,"8,7",18,27212,UPS Edavoor,A,317,1 to 7,"208,293",UP
MALAYALAM,10.162686,76.486669,10,20,27013,Ganapathy Vilasom H S Koovappady,A,318,5 to 10,319,HS
MALAYALAM,10.069526,76.544415,16,29,27012,Govt. H S S Kallil,G,319,1 to 10,501,HS
MALAYALAM,10.174633,76.504387,4,5,27221,Govt. LPS Kurichilakode,G,320,1 to 4,27,LP
MALAYALAM,10.12272,76.538742,4,5,27230,Govt. LPS Puzhucad,G,321,1 to 4,44,LP
MALAYALAM,10.162539,76.502659,4,5,27223,Govt. LPS Akanad,G,322,1 to 4,71,LP
MALAYALAM,10.18389,76.51565,4,5,27220,Govt. LPS Kodanad,G,323,1 to 4,24,LP
MALAYALAM,10.129358,76.570986,4,5,27218,Govt. LPS Mekkappala,G,324,1 to 4,36,LP
"MALAYALAM,ENGLISH",10.151978,76.450753,"4,4",10,27224,Govt. LPS. Okkal,G,325,1 to 4,"87,127",LP
MALAYALAM,10.167648,76.571141,4,5,27225,Govt. LPS Paniely,G,326,1 to 4,34,LP
"MALAYALAM,ENGLISH",10.087088,76.505487,"4,4",9,27228,Govt. LPS Pulluvazhy,G,327,1 to 4,"83,162",LP
MALAYALAM,10.165229,76.535471,4,5,27219,Govt. LPS Vaniappilly,G,328,1 to 4,39,LP
MALAYALAM,10.131788,76.492015,7,10,27201,Govt. UPS Aimury,G,329,1 to 7,104,UP
"MALAYALAM,ENGLISH",10.109437,76.552212,"7,7",18,27203,Govt. UPS Asamannoor,G,330,1 to 7,"182,227",UP
MALAYALAM,10.06009,76.523612,7,10,27204,Govt. UPS Keezhillam,G,331,1 to 7,114,UP
"MALAYALAM,ENGLISH",10.16636,76.551751,"9,3",15,27205,Govt. UPS Kombanad,G,332,1 to 7,"264,66",UP
MALAYALAM,10.133385,76.52392,7,10,27208,Govt. UPS Mudakuzha,G,333,1 to 7,90,UP
"MALAYALAM,ENGLISH",10.088219,76.510162,"14,10",39,27011,Jayakeralam H S S Pulluvazhy,A,334,5 to 10,"574,407",HS
"MALAYALAM,ENGLISH",10.182744,76.517829,"11,7",29,27001,Mar Augen High School Kodanad,A,335,5 to 10,"375,256",HS
MALAYALAM,10.132796,76.486683,7,5,27239,Mary Matha LPS Kaiuthial,A,336,1 to 4,160,LP
"MALAYALAM,ENGLISH",10.112911,76.521014,"16,2",31,27003,M G M H S S Kuruppampady,A,337,5 to 10,"608,82",HS
"MALAYALAM,ENGLISH",10.13908,76.536207,"15,6",36,27015,M K H S S Vengoor,A,338,5 to 10,"522,284",HS
MALAYALAM,10.117393,76.516335,4,4,27236,Mar Thoma LPS Aimury,A,339,1 to 4,18,LP
MALAYALAM,10.053105,76.531337,4,4,27241,Mar Thoma LPS Keezhillam,A,340,1 to 4,96,LP
MALAYALAM,10.138256,76.53859,4,4,27250,Mar Thoma LPS Vengoor,A,341,1 to 4,31,LP
"MALAYALAM,ENGLISH",10.090937,76.490328,"4,4",6,27248,Nirmala LPS Malamury,A,342,1 to 4,"71,156",LP
MALAYALAM,10.117149,76.524252,5,8,27215,Pattom UPS Thuruthy,A,343,5 to 7,126,UP
"MALAYALAM,ENGLISH",10.166901,76.552436,"10,6",30,27018,St. Mary`s H S Krariyely,A,344,5 to 10,"363,183",HS
MALAYALAM,10.181927,76.521965,8,7,27237,SNDP LPS Kodanad,A,345,1 to 4,188,LP
"MALAYALAM,ENGLISH",10.150854,76.4512,"23,29",71,27009,S N H S S Okkal,A,346,5 to 12,"881,1158",HS
"MALAYALAM,ENGLISH",10.110703,76.528602,"5,5",10,27244,St. Rita`a LPS Mudikkarai,A,347,1 to 5,"164,212",LP
MALAYALAM,10.161547,76.474572,4,4,27243,St. George LPS Kudalapadam,A,348,1 to 4,37,LP
"MALAYALAM,ENGLISH",10.052417,76.531396,"7,6",25,27002,St. Thomas H.S.S Keezhillam,A,349,5 to 10,"255,185",HS
MALAYALAM,10.068594,76.284621,12,24,26009,Al Farookhia H.S. Cheranelloor,A,350,5 to 10,385,HS
MALAYALAM,10.059575,76.2671,4,4,26210,Angel Mary Memorial L.PS Chennur,A,351,1 to 4,46,LP
MALAYALAM,10.068182,76.284422,4,6,26205,Govt. L.P.S. Cheranelloor,G,352,1 to 4,68,LP
MALAYALAM,10.030955,76.274675,4,5,26201,Govt. L.P.S. South Chittoor,G,353,1 to 4,28,LP
"MALAYALAM,ENGLISH",10.054326,76.288581,"5,4",10,26212,Little Flower L.P.S. Cheranelloor,A,354,1 to 4,"138,138",LP
"MALAYALAM,ENGLISH",10.055109,76.288417,"4,5",13,26264,Little Flower U.P.S. Cheranelloor,A,355,5 to 7,"136,167",UP
MALAYALAM,10.048326,76.262277,8,11,26257,St. Francis U.P.S. Pizhala,A,356,1 to 7,202,UP
MALAYALAM,10.038442,76.267963,4,4,26225,St. Joseph`s L.P.S. Moolampilly,A,357,1 to 4,41,LP
MALAYALAM,10.030432,76.275489,7,10,26248,St. Mary`s U.P.S. South Chittoor,A,358,1 to 7,211,UP
MALAYALAM,10.011337,76.319961,3,3,25219,Ayyanadu L. P. S. Kakkanad,A,359,1 to 3,4,LP
"MALAYALAM,ENGLISH",10.034399,76.334457,"16,5",36,25088,Cardinal H. S. Thrikkakkara,A,360,5 to 10,"826,353",HS
"MALAYALAM,ENGLISH",10.035563,76.335439,"7,4",13,25236,Darusalam L. P. S. Thrikkakara,A,361,1 to 4,"116,129",LP
MALAYALAM,10.051455,76.344048,4,6,25213,Govt. L. P. S. H. M. T. Colony,G,362,1 to 4,38,LP
"MALAYALAM,ENGLISH",10.045963,76.363665,"7,7",10,25212,Govt. L. P. S. Thrikkakara,G,363,1 to 4,"184,184",LP
MALAYALAM,10.009813,76.335955,7,10,25250,Govt. U. P. S. Kakkanad,G,364,1 to 7,85,UP
MALAYALAM,10.0236,76.370291,7,10,25254,Govt. U. P. S. Thengodu,G,365,1 to 7,78,UP
MALAYALAM,10.056565,76.319919,11,20,25084,Govt. H. S. S And V. H. S. S. Kalamassery,G,366,1 to 10,224,HS
"MALAYALAM,ENGLISH",10.0515,76.343906,"13,6",28,25085,H. M. T. Educational Society H. S. Kalamassery,A,367,1 to 10,"326,240",HS
"MALAYALAM,ENGLISH",10.017354,76.345438,"13,6",34,25029,Mar Athanasius H. S. Kakkanad,A,368,5 to 10,"605,605",HS
MALAYALAM,10.064719,76.331564,4,4,25218,N. A. D. L. P. S. Aluva,A,369,1 to 4,15,LP
MALAYALAM,9.999695,76.351894,4,5,25221,Nazrathul Islam L. P. S. Chittethukara,A,370,1 to 4,75,LP
MALAYALAM,10.043798,76.353521,9,12,25263,Sree Narayana U. P. S. Thrikkakara,A,371,1 to 7,276,UP
MALAYALAM,10.025925,76.322062,4,5,25224,St. Joseph`s L. P. S. Kakkanad,A,372,1 to 4,85,LP
MALAYALAM,9.995089,76.34276,4,4,25238,St. Mary`s L. P. S. Thuthiyoor,A,373,1 to 4,34,LP
MALAYALAM,10.095213,76.669977,16,26,27025,St. Joseph`s H S Velielchal,A,374,1 to 10,383,HS
MALAYALAM,10.060837,76.685145,4,5,27366,St. John`s LPS Nellimattam,A,375,1 to 4,106,LP
MALAYALAM,10.025498,76.824252,4,4,27367,St. Mary`s LPS Neendapara,A,376,1 to 4,56,LP
MALAYALAM,10.134141,76.580671,4,4,27374,St. Mary`s LPS Plamudy,A,377,1 to 4,56,LP
MALAYALAM,10.10098,76.649639,14,25,27026,St. Stephen`s H S S Keerampara,A,378,5 to 12,532,HS
MALAYALAM,10.099103,76.650781,14,23,27028,St. Stephen`s Girls H S Keerampara,A,379,5 to 10,411,HS
MALAYALAM,10.042598,76.66234,5,6,27371,Seethi Sahib Memorial LPS Kodamunda,A,380,1 to 4,113,LP
"MALAYALAM,ENGLISH",10.150101,76.737445,"15,6",35,27023,St. George`s H S S Kothamangalam,A,381,5 to 10,"667,318",HS
MALAYALAM,10.083254,76.675311,4,4,27364,St. Thomas LPS Nadukani,A,382,1 to 4,55,LP
MALAYALAM,10.087732,76.677564,3,6,27320,St. Thomas UPS Nadukani,A,383,5 to 7,47,UP
MALAYALAM,9.875461,76.471301,4,4,28511,Panchayat L P S Edakkattuvayal,G,384,1 to 4,9,LP
MALAYALAM,9.867894,76.437558,7,10,28530,U P S Edakkattuvayal,A,385,1 to 7,48,UP
MALAYALAM,10.106323,76.62531,7,11,27323,Athanickal UPS Pindimana,A,386,1 to 7,70,UP
MALAYALAM,10.07017,76.694229,4,4,27373,BPM LPS Perumannoor,A,387,1 to 4,49,LP
"MALAYALAM,ENGLISH",10.102491,76.637836,"7,7",18,27318,Fathima Matha UPS Malippara,A,388,1 to 7,"192,229",UP
"MALAYALAM,ENGLISH",10.150878,76.664576,"12,7",30,27047,Govt. H S Poika,G,389,1 to 10,"394,174",HS
MALAYALAM,10.000834,76.742866,10,17,27039,Govt. H S S Chathamattom,G,390,1 to 10,125,HS
MALAYALAM,10.10308,76.639042,4,13,27027,T V Joseph Memorial H S Pindimana,A,391,8 to 10,135,HS
MALAYALAM,10.037116,76.806132,7,10,27311,Govt. HWUPS Neriamangalam,G,392,1 to 7,114,UP
MALAYALAM,10.161181,76.74433,4,5,27337,Govt. LPS Kuttiamchal,G,393,1 to 4,29,LP
MALAYALAM,10.041764,76.585897,4,7,27330,Govt. LPS Cheruvattoor,G,394,1 to 4,62,LP
MALAYALAM,10.000004,76.740846,4,5,27331,Govt. LPS Kadavoor,G,395,1 to 4,50,LP
"MALAYALAM,ENGLISH",10.126396,76.583704,"5,5",12,27341,Govt. LPS Kottappady North,G,396,1 to 5,"94,189",LP
MALAYALAM,10.10752,76.585459,5,6,27342,Govt. LPS Kottappady South,G,397,1 to 5,51,LP
MALAYALAM,10.061841,76.719439,4,5,27340,Govt. LPS Manimaruthumchal,G,398,1 to 4,30,LP
MALAYALAM,10.091205,76.668769,4,5,27347,Govt. LPS Palamattam,G,399,1 to 4,26,LP
MALAYALAM,10.107189,76.670087,4,5,27334,Govt. LPS Punnekkadu,G,400,1 to 4,38,LP
MALAYALAM,10.033793,76.630795,4,5,27350,Govt. LPS Varappetty,G,401,1 to 4,28,LP
"MALAYALAM,ENGLISH",10.057902,76.573527,"18,4",36,27035,Govt. Model H S S Cheruvattoor,G,402,1 to 10,"646,129",HS
MALAYALAM,10.118688,76.65935,7,10,27301,Govt. UPS Chenkara,G,403,1 to 7,52,UP
MALAYALAM,10.041352,76.584819,3,8,27303,Govt. UPS Cheruvattoor,G,404,5 to 7,104,UP
MALAYALAM,10.159617,76.646423,7,10,27304,Govt. UPS Edamalayar,G,405,1 to 7,142,UP
"MALAYALAM,ENGLISH",10.074015,76.570377,"8,6",18,27305,Govt. UPS. Kuttilanji,G,406,1 to 7,"266,144",UP
MALAYALAM,10.038376,76.703355,7,10,27314,Govt. UPS Paimattam,G,407,1 to 7,29,UP
"MALAYALAM,ENGLISH",10.115576,76.602004,"7,7",18,27307,Govt. UPS Panipra,G,408,1 to 7,"193,175",UP
MALAYALAM,10.100303,76.64288,7,10,27302,Govt. UPS Pindimana,G,409,1 to 7,35,UP
MALAYALAM,10.049928,76.753443,7,11,27313,Govt. UPS Thalacodu,G,410,1 to 7,80,UP
MALAYALAM,10.049692,76.784917,14,27,27034,Govt. V H S S Neriamangalam,G,411,1 to 10,330,HS
MALAYALAM,10.104443,76.635106,4,4,27378,Josephine LPS Vettampara,A,412,1 to 4,43,LP
"MALAYALAM,ENGLISH",10.051414,76.716058,"15,7",37,27033,L F H S Oonnukal,A,413,5 to 10,"612,322",HS
"MALAYALAM,ENGLISH",10.051007,76.744862,"8,4",13,27368,Little Flower LPS Oonnukal,A,414,1 to 4,"264,177",LP
MALAYALAM,10.064745,76.601956,8,9,27365,LPS Elampra,A,415,1 to 4,203,LP
MALAYALAM,10.028441,76.688892,4,5,27358,LPS Koovalloor,A,416,1 to 4,38,LP
MALAYALAM,10.037835,76.696517,4,5,27363,LPS Valachira,A,417,1 to 4,97,LP
"MALAYALAM,ENGLISH",10.11255,76.620202,"8,3",23,27045,M D H S Tholely Ayroorpadam,A,418,8 to 10,"306,68",HS
"MALAYALAM,ENGLISH",10.126313,76.583826,"24,9",50,27044,Mar Elias H S S Kottappady,A,419,5 to 10,"1029,442",HS
MALAYALAM,10.100846,76.65937,4,4,27356,Mar Stephen`s LPS Keerampara,A,420,3 to 4,107,LP
MALAYALAM,10.1081,76.587351,4,5,27361,Mar Thoma LPS Panipra,A,421,1 to 4,49,LP
MALAYALAM,10.101624,76.661084,2,2,27357,Mar Thoma LPS Keerampara,A,422,1 to 2,40,LP
MALAYALAM,10.057605,76.697344,4,5,27355,Our Lady of Mount Carmel LPS Kavalangad,A,423,1 to 4,100,LP
MALAYALAM,10.073451,76.590441,8,11,27326,Panchayath UPS Nellikuzhy,G,424,1 to 7,191,UP
MALAYALAM,10.031038,76.639143,4,5,27377,St. Antony`s LPS Inchoor,A,425,1 to 4,43,LP
MALAYALAM,10.143139,76.712065,3,5,27322,St. Antony`s UPS Njayappilly,A,426,5 to 7,34,UP
MALAYALAM,9.995024,76.755508,4,4,27354,St. George`s LPS Kadavoor,A,427,1 to 4,25,LP
MALAYALAM,9.988726,76.756294,4,4,27370,St. George`s LPS Kulappuram,A,428,1 to 4,7,LP
"MALAYALAM,ENGLISH",9.899598,76.386752,"4,2",7,26424,C.G.L.P.S. Mulanthuruthy,A,429,1 to 4,"132,62",LP
MALAYALAM,10.102641,76.634558,7,10,27316,UPS Uppukandam,A,430,1 to 7,110,UP
"MALAYALAM,ENGLISH",10.061723,76.68413,"18,17",56,27007,Govt. H S for Girls Perumbavoor,G,431,5 to 10,"712,737",HS
MALAYALAM,9.900681,76.386958,13,24,26045,Govt. H.S.S. Mulanthuruthy,G,432,5 to 10,426,HS
MALAYALAM,9.897699,76.420091,10,19,26047,Govt. H.S Pulickamaly,G,433,1 to 10,126,HS
MALAYALAM,9.849915,76.405145,4,6,26403,Govt. L.P.S. Kanjiramattom,G,434,1 to 4,28,LP
"MALAYALAM,ENGLISH",9.837806,76.413238,"9,0",13,26439,Govt. U.P.S. Keechery,G,435,1 to 7,"211,0",UP
"MALAYALAM,ENGLISH",9.932168,76.389423,"10,5",30,26049,Govt. H.S.S And V.H.S.S. Chottanikkara,G,436,1 to 10,"340,162",HS
MALAYALAM,9.936321,76.373801,6,14,26051,Govt. H.S. Thiruvankulam,G,437,5 to 10,76,HS
MALAYALAM,9.897594,76.399784,7,11,26440,Govt. U..P.S. Karikode,G,438,1 to 7,63,UP
MALAYALAM,9.857685,76.401347,4,5,26401,Govt. J.B.S. Amballoor,G,439,1 to 4,29,LP
MALAYALAM,9.929794,76.389947,4,5,26412,J.B.S.. Kanayannur,G,440,1 to 4,44,LP
"MALAYALAM,ENGLISH",9.852135,76.383648,"18,17",55,26075,K.P.M.H.S.S. Poothotta,A,441,5 to 10,"795,699",HS
"MALAYALAM,ENGLISH",9.866495,76.381188,"6,3",13,26450,Little Flower U.P.S. South Parur,A,442,5 to 7,"163,127",UP
"MALAYALAM,ENGLISH",9.834339,76.424278,"5,3",8,26413,L.P.S. Arayankavu,A,443,1 to 4,"137,108",LP
MALAYALAM,9.955345,76.358337,4,4,26416,L.P.S. Irimpanam,A,444,1 to 4,19,LP
MALAYALAM,9.936193,76.374222,4,4,26418,M.O.M.L.P.S. Kadungamangalam,A,445,1 to 4,18,LP
"MALAYALAM,ENGLISH",9.952029,76.357303,"5,3",8,26419,M.D.M.L.P.S. Karingachira,A,446,1 to 4,"131,100",LP
MALAYALAM,9.839691,76.414512,3,6,26452,Sanskrit U.P.S Thottara,A,447,5 to 7,72,UP
MALAYALAM,9.952861,76.358825,4,4,26417,S.N.D.P. L.P.S. Irimpanam,A,448,1 to 4,51,LP
"MALAYALAM,ENGLISH",9.872773,76.395533,"11,13",27,26441,St. Francis U.P.S. Amballoor,A,449,1 to 7,"298,577",UP
"MALAYALAM,ENGLISH",9.887262,76.433119,"10,6",26,26001,St. George`s H.S Arakkunnam,A,450,5 to 10,"317,249",HS
"MALAYALAM,ENGLISH",9.856197,76.402144,"18,9",48,26040,St. Ignatious H.S.S And V.H.S.S. Kanjiramattom,A,451,5 to 10,"729,382",HS
MALAYALAM,9.956041,76.366119,8,8,26420,K.C.L.P.S Chitrapuzha,A,452,1 to 4,192,LP
"MALAYALAM,ENGLISH",9.913293,76.376216,"11,10",34,26050,St. Mary`s HS. Kandanad,A,453,5 to 10,"361,310",HS
"MALAYALAM,ENGLISH",9.92117,76.409055,"12,14",38,26048,St. Mary`s. H.S.S. Thalacode,A,454,1 to 12,"392,493",HS
MALAYALAM,9.914406,76.420102,4,4,26434,St. Thomas .L.P.S. Vettickal,A,455,1 to 4,71,LP
"MALAYALAM,ENGLISH",9.95634,76.358862,"12,12",45,26039,V.H.S.S. Irimpanam,A,456,5 to 12,"434,400",HS
MALAYALAM,9.852065,76.384315,4,5,26409,Govt. J.B.S. Poothotta,G,457,1 to 4,47,LP
MALAYALAM,9.925326,76.352393,4,5,26407,H.W..L.P.S. Malekad,G,458,1 to 4,23,LP
MALAYALAM,9.84563,76.441942,4,4,28515,L P S Kanaicode,A,459,1 to 4,42,LP
MALAYALAM,9.846799,76.441303,4,4,28518,L P S Parpacode,A,460,1 to 4,27,LP
"MALAYALAM,ENGLISH",9.869226,76.456255,"7,6",22,28049,St. Paul`s H S Veliyanad,A,461,5 to 10,"217,203",HS
MALAYALAM,9.870601,76.413383,4,4,28510,St. Joseph`s L P S Chethicodu,A,462,1 to 4,10,LP
MALAYALAM,9.884734,76.458847,4,4,28513,St. Mary`s L P S Ezhippuram,A,463,1 to 4,19,LP
MALAYALAM,9.897779,76.369056,4,5,26402,Govt. J.B.S. Udayamperoor,G,464,1 to 4,36,LP
MALAYALAM,9.905821,76.366578,4,5,26406,V.J.B.S. Udayamperoor,G,465,1 to 4,24,LP
"MALAYALAM,ENGLISH",9.863857,76.381591,"7,3",12,26429,Holy Family .L.P.S. South Parur,A,466,1 to 4,"205,95",LP
"MALAYALAM,ENGLISH",9.894435,76.370301,"18,30",77,26074,S.N.D.P.H.S.S. Udayamperoor,A,467,5 to 10,"683,1156",HS
MALAYALAM,10.136381,76.40775,13,21,25040,Akavoor H. S. Sreemoolanagaram,A,468,5 to 10,237,HS
MALAYALAM,10.119438,76.417657,4,5,25233,Akavoor Primary School Thekkumbhagam,A,469,1 to 4,86,LP
"MALAYALAM,ENGLISH",10.126608,76.388884,"15,15",27,25109,Govt. H. S. S. Chowara,G,470,1 to 10,"394,394",HS
"MALAYALAM,ENGLISH",10.136133,76.405894,"5,5",12,25247,Govt. L. P. S. Sreemoolanagaram,G,471,1 to 5,"268,268",LP
"MALAYALAM,ENGLISH",10.131555,76.4461,"8,8",9,25225,M. K. M. L. P. S. Kanjoor,A,472,1 to 4,"239,239",LP
MALAYALAM,10.1407,76.401053,7,9,25222,St. Augustine`s L. P. S. Edanad,A,473,1 to 4,182,LP
"MALAYALAM,ENGLISH",10.124029,76.416887,"8,8",5,25234,St. Joseph`s L. P. S. Thekkumbhagam,A,474,1 to 4,"208,208",LP
"MALAYALAM,ENGLISH",10.143816,76.427072,"20,22",63,25036,St. Joseph`s Girls H. S. Chengal,A,475,1 to 10,"957,1250",HS
"MALAYALAM,ENGLISH",10.162356,76.435506,"13,11",39,25045,St. Joseph`s C. G. H. S. Kanjoor,A,476,5 to 10,"537,455",HS
"MALAYALAM,ENGLISH",10.145211,76.427314,"15,8",39,25039,St. Sebastian`s H. S. Kanjoor,A,477,5 to 10,"569,346",HS
MALAYALAM,10.135662,76.435127,7,10,25261,S. T. M. U. P. S. Puthiyedam,A,478,1 to 7,77,UP
MALAYALAM,10.146041,76.423984,4,4,25227,Union L. P. S. Kanjoor,A,479,1 to 4,25,LP
"MALAYALAM,ENGLISH",10.161144,76.231439,"24,24",67,25017,D. D. Sabha H. S. Karimpadam,A,480,1 to 10,"1784,1784",HS
"MALAYALAM,ENGLISH",10.172329,76.234649,"9,5",26,25016,Paliyam Govt. H. S. S. Chendamangalam,G,481,5 to 10,"475,60",HS
MALAYALAM,10.17894,76.225034,5,5,25846,Govt. Fisheries L. P. S. Chendamangalam,G,482,1 to 5,12,LP
MALAYALAM,10.178422,76.225614,7,10,25849,Govt. U. P. S. Chendamangalam,G,483,1 to 7,66,UP
MALAYALAM,10.188264,76.204559,4,4,25827,Holy Cross L. P. S. Katalvathuruth,A,484,1 to 4,48,LP
MALAYALAM,10.194758,76.221246,4,4,25822,Holy Infant Jesus L. P. S. Chathedom,A,485,1 to 4,26,LP
MALAYALAM,10.172898,76.222098,4,4,25829,Santacruz L. P. S. Koottukad,A,486,1 to 4,72,LP
MALAYALAM,10.177517,76.241991,4,4,25824,St. Mary`s L. P. S. Chendamangalam,A,487,1 to 4,61,LP
"MALAYALAM,ENGLISH",10.188268,76.21746,"5,2",7,25826,St. Sebastian`s L. P. S. Gothuruth,A,488,1 to 4,"108,64",LP
"MALAYALAM,ENGLISH",10.188693,76.218264,"12,4",28,25034,St. Sebastian`s H. S. S. Gothuruthy,A,489,5 to 10,"441,151",HS
"MALAYALAM,ENGLISH",10.168719,76.443817,"11,11",23,25035,Brahmanandodhayam H. S. S. Kalady,A,490,8 to 10,"554,554",HS
"MALAYALAM,ENGLISH",10.16697,76.443659,"6,5",17,25463,B. S. U. P. S. Kalady,A,491,5 to 7,"227,209",UP
"MALAYALAM,ENGLISH",10.232817,76.43663,"4,4",8,25419,Fathima L. P. S. Anappara,A,492,1 to 4,"102,111",LP
"MALAYALAM,ENGLISH",10.210542,76.453625,"9,3",24,25082,Govt. H. S. S. Manjapra,G,493,5 to 10,"296,96",HS
MALAYALAM,10.213853,76.405052,13,22,25027,Govt. H. S. S. Mokkannoor,G,494,1 to 12,236,HS
MALAYALAM,10.198812,76.454479,4,5,25413,Govt. H. W. L. P. S. Malayattoor,G,495,1 to 4,11,LP
MALAYALAM,10.198754,76.45443,4,5,25414,Govt. J. B. S. Naduvattom,G,496,1 to 4,23,LP
MALAYALAM,10.186396,76.475497,6,8,25415,Govt. L. P. S. Neeleswaram,G,497,1 to 4,175,LP
MALAYALAM,10.225916,76.408484,7,10,25453,Govt. U. P. S. Azhakom,G,498,1 to 7,78,UP
MALAYALAM,10.202195,76.52737,7,10,25454,Govt. U. P. S. Illithodu,G,499,1 to 7,64,UP
MALAYALAM,10.17584,76.445997,7,9,25455,Govt. U. P. S. Kalady,G,500,1 to 7,48,UP
MALAYALAM,10.283398,76.421816,9,11,25458,Govt. U. P. S. Palissery,G,501,1 to 7,245,UP
"MALAYALAM,ENGLISH",10.247214,76.424751,"3,3",14,25026,Holy Family High School Thabore,A,502,8 to 10,"125,82",HS
"MALAYALAM,ENGLISH",10.247104,76.425304,"7,3",14,25466,Holy Family U. P. S. Thabore,A,503,1 to 7,"148,83",UP
MALAYALAM,10.21883,76.439699,4,4,25441,Holy Infant Jesus L. P. S. Thavalappara,A,504,1 to 4,14,LP
MALAYALAM,10.168723,76.43301,4,5,25412,Govt. H. W. L. P. S. Manickamangalam,G,505,1 to 4,34,LP
MALAYALAM,10.194511,76.405923,7,8,25430,Infant Jesus L. P. S. Kidangoor,A,506,1 to 4,218,LP
,10.173584,76.454478,,5,25437,Jama Ath L. P. S. Mekkalady,A,507,1 to 4,,LP
MALAYALAM,10.220803,76.431311,4,4,25442,Little Flower L. P. S. Thuravoor,A,508,1 to 4,10,LP
"MALAYALAM,ENGLISH",10.206006,76.418577,"10,4",26,25093,Mar Augustine`s H. S. Thuravoor,A,509,8 to 10,"372,149",HS
"MALAYALAM,ENGLISH",10.23529,76.415845,"4,4",8,25443,Nehru Memorial Convent L. P. S. Vattekadu,A,510,1 to 4,"101,137",LP
MALAYALAM,10.184786,76.446059,6,15,25054,N. S. S. Girls H. S. Manickamangalam,A,511,8 to 10,165,HS
"MALAYALAM,ENGLISH",10.184107,76.444946,"14,6",33,25053,N. S. S. H. S. S. Manickamangalam,A,512,5 to 10,"328,398",HS
MALAYALAM,10.18436,76.444809,7,7,25432,N. S. S. L. P. S. Manickamangalam,A,513,1 to 4,195,LP
"MALAYALAM,ENGLISH",10.204408,76.422263,"11,14",28,25467,St. Augustine`s U. P. S. Thuravoor,A,514,1 to 7,"269,566",UP
MALAYALAM,10.198831,76.394958,5,6,25431,Sree Bhadra L. P. S. Kidangoor,A,515,1 to 4,122,LP
MALAYALAM,10.227002,76.38324,4,4,25425,S.H. of St.Mary`s L. P. S. Karukutty,A,516,1 to 4,31,LP
"MALAYALAM,ENGLISH",10.223425,76.413552,"16,9",40,25025,Sacred Heart Orphanage H. S. Mookkannoor,A,517,1 to 10,"926,346",HS
"MALAYALAM,ENGLISH",10.181845,76.464618,"15,10",39,25037,S. N. D. P. H. S. Neeleswaram,A,518,5 to 10,"606,359",HS
MALAYALAM,10.177766,76.459421,3,4,25433,St. Joseph`s L. P. S. Malayattoor,A,519,2 to 4,11,LP
MALAYALAM,10.219953,76.451293,4,4,25436,St. Rockey`s L. P. S. Manjapra,A,520,1 to 4,54,LP
MALAYALAM,10.170361,76.425286,6,8,25451,St. Antony`s L. P. S. Mattoor,A,521,1 to 5,161,LP
MALAYALAM,10.198754,76.472831,5,7,25438,St. Antony`s L. P. S. Naduvattom,A,522,1 to 4,117,LP
"MALAYALAM,ENGLISH",10.196732,76.408406,"15,12",44,25094,St. Joseph`s H. S. Kidangoor,A,523,5 to 10,"746,593",HS
MALAYALAM,10.228343,76.380728,8,9,25427,St. Joseph`s L. P. G. S. Karukutty,A,524,1 to 4,266,LP
MALAYALAM,10.244858,76.382087,4,4,25426,St. Joseph`s L. P. S. Karukutty North,A,525,1 to 4,101,LP
"MALAYALAM,ENGLISH",10.185583,76.506058,"7,2",8,25434,St. Mary`s L. P. S. Malayattoor,A,526,1 to 4,"207,66",LP
MALAYALAM,10.195914,76.425291,4,4,25440,St. Mary`s L. P. S. Thuravoor,A,527,1 to 4,38,LP
"MALAYALAM,ENGLISH",10.212276,76.447946,"12,12",15,25464,St. Mary`s U. P. S. Manjapra,A,528,5 to 7,"366,366",UP
"MALAYALAM,ENGLISH",10.225421,76.370148,"3,2",8,25462,St. Thomas U. P. S. Karukutty,A,529,5 to 7,"89,40",UP
"MALAYALAM,ENGLISH",10.186396,76.502512,"10,10",36,25038,St. Thomas H. S. S. Malayattoor,A,530,5 to 10,"373,438",HS
"MALAYALAM,ENGLISH",10.226237,76.376024,"9,3",27,25102,Star Jesus H. S. Karukutty,A,531,8 to 10,"315,125",HS
MALAYALAM,10.109194,76.359342,9,20,25007,Govt. H. S. S. for Girls Aluva,G,532,5 to 10,217,HS
MALAYALAM,10.1093,76.359428,4,6,25201,Govt. H. A. C. L. P. S. Aluva,G,533,1 to 4,47,LP
"MALAYALAM,ENGLISH",10.123441,76.344181,"21,18",55,25020,Holy Ghost C. G. H. S. S. Thottakkattukara,A,534,1 to 10,"975,915",HS
"MALAYALAM,ENGLISH",10.111049,76.358068,"17,11",18,25012,S. N. D. P. H. S. S. Aluva,A,535,5 to 10,"616,357",HS
"MALAYALAM,ENGLISH",10.112261,76.357988,"8,4",12,25216,St. Francis Xavier`s L. P. S. Aluva,A,536,1 to 4,"365,216",LP
"MALAYALAM,ENGLISH",10.106297,76.357693,"16,5",36,25011,St. Mary`s H. S. Aluva,A,537,5 to 10,"605,225",HS
MALAYALAM,10.105899,76.35771,4,4,25217,St. Mary`s L. P. S. Aluva,A,538,1 to 4,123,LP
MALAYALAM,10.177416,76.240608,4,4,25838,D. P. S. L. P. S. Pazhampillythuruth,A,539,1 to 4,55,LP
MALAYALAM,10.10407,76.231249,0,28,25103,Govt. H. S. S. Ezhikkara,G,540,1 to 10,0,HS
MALAYALAM,10.16613,76.204405,20,34,25059,Govt. H. S.S . Puthiyakavu,G,541,1 to 10,519,HS
MALAYALAM,10.187832,76.202114,4,5,25808,Govt. L. P. G. S. Moothakunnam,G,542,1 to 4,31,LP
MALAYALAM,10.155125,76.279307,4,5,25801,G. L. P. S. Chalaka,G,543,1 to 4,59,LP
MALAYALAM,10.149792,76.209601,4,5,25803,G. L. P. S. Chittattukara,G,544,1 to 4,43,LP
"MALAYALAM,ENGLISH",10.172677,76.268888,"5,1",7,25804,Govt. L. P. S. Elenthikara,G,545,1 to 4,"141,26",LP
MALAYALAM,10.111101,76.229145,4,5,25805,Govt. L. P. S. Ezhikkara,G,546,1 to 4,50,LP
MALAYALAM,10.130113,76.228623,4,5,25809,Govt. L. P. S. Nanthiattukunnam,G,547,1 to 4,60,LP
MALAYALAM,10.166574,76.222576,4,5,25810,Govt. L. P. S. Parayakad,G,548,1 to 4,41,LP
MALAYALAM,10.156837,76.205691,4,5,25814,Govt. L. P. S. Pattanam,G,549,1 to 4,36,LP
MALAYALAM,10.166655,76.204042,4,6,25817,Govt. L. P. S. Puthiyakavu,G,550,1 to 4,29,LP
MALAYALAM,10.17041,76.197282,4,5,25820,Govt. L. P. S. Vavakkad,G,551,1 to 4,50,LP
MALAYALAM,10.102285,76.250351,7,10,25850,Govt. U. P. S. Kottuvally,G,552,1 to 7,171,UP
MALAYALAM,10.127877,76.26291,7,12,25851,Govt. U. P. S. Thathappilly,G,553,1 to 7,147,UP
MALAYALAM,10.119812,76.255855,7,10,25852,Govt. U. P. S. Valluvally,G,554,1 to 7,62,UP
MALAYALAM,10.116349,76.242445,24,37,25072,Govt. V. H. S. S. Kaitharam,G,555,1 to 10,727,HS
"MALAYALAM,ENGLISH",10.18263,76.189405,"19,5",41,25056,H. M. Y. S. H. S. S. Kottuvallikadu,A,556,5 to 12,"733,178",HS
MALAYALAM,10.182885,76.243672,4,4,25839,Infant Jesus L. P. S. Puthenveli,A,557,1 to 4,90,LP
MALAYALAM,10.184415,76.215971,2,2,25840,Little Flower L. P. S. Thekkethuruth,A,558,1 to 2,11,LP
MALAYALAM,10.186341,76.226689,4,4,25823,Our Lady of Mercy School. Kurumbathuruth,A,559,1 to 4,42,LP
ENGLISH,10.169046,76.186624,8,9,25831,OLSAI L. P. S. Kunjithai,A,560,1 to 4,260,LP
"MALAYALAM,ENGLISH",10.185383,76.24653,"4,4",9,25816,P. S. M. Govt. L. P. S. Puthenvelikkara,G,561,1 to 4,"85,128",LP
MALAYALAM,10.17265,76.260689,4,4,25825,Sacred Heart of Jesus L. P. S. Elenthikara,A,562,1 to 4,78,LP
"MALAYALAM,ENGLISH",10.167594,76.192355,"7,5",12,25841,Sree Narayana L. P. S. Kunjithai,A,563,1 to 4,"203,167",LP
MALAYALAM,10.182568,76.190724,5,7,25807,Govt. S. N. M. L. P. S. Kottuvallikad,G,564,1 to 4,146,LP
MALAYALAM,10.179811,76.180196,5,4,25833,S. N. M. L. P. S. Maliankara,A,565,1 to 4,159,LP
"MALAYALAM,ENGLISH",10.101188,76.265777,"4,4",8,25828,St. Philomina`s L. P. S. Koonammavu,A,566,1 to 4,"91,201",LP
MALAYALAM,10.175243,76.286665,4,4,25832,St. Francis L. P. S. North Kuthiathode,A,567,1 to 4,25,LP
"MALAYALAM,ENGLISH",10.101018,76.262441,"11,13",24,25855,St. Joseph`s U. P. S. Koonammavu,A,568,1 to 7,"587,746",UP
MALAYALAM,10.104072,76.248836,4,4,25830,St. Louis L. P. S. Kottuvally,A,569,1 to 4,45,LP
"MALAYALAM,ENGLISH",10.178441,76.20968,"5,3",9,25856,St. Peter`s U. P. S. Vadakkekara,A,570,5 to 7,"180,108",UP
"MALAYALAM,ENGLISH",10.198891,76.237162,"7,7",17,25854,St. Thomas U. P. S. Thuruthoor,A,571,1 to 7,"173,188",UP
MALAYALAM,10.082162,76.236751,4,4,25834,St. Vincent`s L. P. S. Palliekkal,A,572,1 to 4,54,LP
"MALAYALAM,ENGLISH",10.180612,76.244593,"17,7",42,25108,V. C. S. H. S. S. Puthenvelikkara,A,573,5 to 10,"764,246",HS
"MALAYALAM,ENGLISH",10.157501,76.306831,"30,30",48,25062,Christ Raj H. S. Kuttipuzha,A,574,5 to 10,"1209,1209",HS
"MALAYALAM,ENGLISH",10.154333,76.336947,"10,5",27,25061,Govt. H. S. S. Chengamanad,G,575,5 to 12,"370,165",HS
"MALAYALAM,ENGLISH",10.20309,76.354823,"15,6",33,25028,Govt. H. S. S. Puliyanam,G,576,1 to 10,"464,196",HS
MALAYALAM,10.129598,76.350154,4,5,25406,Govt. J. B. S. Desom,G,577,1 to 4,61,LP
MALAYALAM,10.155987,76.319722,11,13,25402,Govt. J. B. S. Kunnukara,G,578,1 to 4,390,LP
MALAYALAM,10.126583,76.348932,5,7,25450,Govt. K. Y. L. P. S. Thuruthummel,G,579,1 to 5,31,LP
MALAYALAM,10.16249,76.369682,4,5,25401,Govt. L. P. B. S. Akaparambu,G,580,1 to 4,22,LP
MALAYALAM,10.154064,76.33657,4,7,25404,Govt. L. P. S. Chengamanad,G,581,1 to 4,125,LP
MALAYALAM,10.206873,76.337033,0,5,25407,Govt. L. P. S. Elavoor,G,582,1 to 4,0,LP
MALAYALAM,10.202275,76.383629,5,6,25449,Govt. L. P. G. S. Kothakulangara,G,583,1 to 5,31,LP
MALAYALAM,10.193203,76.343016,4,5,25410,Govt. L. P. S. Mallussery,G,584,1 to 4,31,LP
MALAYALAM,10.215935,76.354562,4,5,25411,Govt. L. P. S. Mambra,G,585,1 to 4,12,LP
MALAYALAM,10.184336,76.316347,4,5,25416,Govt. L. P. S. Parakkadavu,G,586,1 to 4,12,LP
MALAYALAM,10.167935,76.340084,4,5,25417,Govt. L. P. S. Poickattussery,G,587,1 to 4,50,LP
MALAYALAM,10.158148,76.35664,4,5,25418,Govt. L. P. S. Thuruthissery,G,588,1 to 4,66,LP
MALAYALAM,10.169701,76.362314,4,5,25409,Govt. S. V. L. P. S. Maikkad,G,589,1 to 4,28,LP
MALAYALAM,10.179275,76.330702,9,12,25457,Govt. U. P. S. Kurumassery,G,590,1 to 7,200,UP
MALAYALAM,10.199866,76.368229,7,10,25459,Govt. U. P. S. Peechanickad,G,591,1 to 7,52,UP
"MALAYALAM,ENGLISH",10.188088,76.388564,"5,6",11,25420,Holy Family L. P. G. S. Angamally,A,592,1 to 4,"194,349",LP
MALAYALAM,10.159204,76.35922,8,16,25060,Mar Athanasius H. S. Nedumbassery,A,593,5 to 10,205,HS
"MALAYALAM,ENGLISH",10.16932,76.329489,"10,10",8,25063,N. S. S. H. S. S. Parakkadavu,A,594,5 to 10,"466,466",HS
"MALAYALAM,ENGLISH",10.189532,76.326695,"7,3",13,25465,St. Mary`s U. P. S. Moozhikkulam,A,595,1 to 7,"178,82",UP
"MALAYALAM,ENGLISH",10.186613,76.382168,"6,5",23,25023,St. Joseph`s H. S. Angamally,A,596,5 to 10,"194,163",HS
MALAYALAM,10.168494,76.311554,4,5,25403,St. Joseph`s Govt. L. P. S. Ayroor,G,597,1 to 4,27,LP
"MALAYALAM,ENGLISH",10.205276,76.320683,"28,8",44,25092,St. Joseph`s Girls H. S. Poovathussery,A,598,1 to 10,"1082,831",HS
MALAYALAM,10.187405,76.382386,4,4,25421,St. Mary`s L. P. S. Angamally,A,599,1 to 4,42,LP
"MALAYALAM,ENGLISH",10.177023,76.307094,"9,6",30,25064,St. Thomas H. S. Ayroor,A,600,5 to 10,"256,177",HS
"MALAYALAM,ENGLISH",10.206126,76.346272,"3,3",9,25461,St. Antony`s U. P. S. Elavoor,A,601,5 to 7,"63,101",UP
MALAYALAM,10.207509,76.355569,5,5,25439,St. Francis L. P. S. Puliyanam,A,602,1 to 4,139,LP
"MALAYALAM,ENGLISH",10.188283,76.388339,"18,9",44,25024,Holy Family Girls H. S. Angamally,A,603,5 to 10,"807,412",HS
"MALAYALAM,ENGLISH",9.798194,76.275973,"4,4",8,26326,St. George`s L.P.S. South Chellanam,A,604,1 to 4,"55,72",LP
MALAYALAM,9.87541,76.2651,4,4,26328,St. Joseph`s. L.P.S Cheriyakadavu,A,605,1 to 4,17,LP
"MALAYALAM,ENGLISH",9.862007,76.29213,"4,4",8,26325,St. George`s. L.P.S. Pazhangad,A,606,1 to 4,"84,114",LP
"MALAYALAM,ENGLISH",9.881426,76.287736,"4,8",12,26324,St. Peter`s L.P.S. Kumbalangy,A,607,1 to 4,"93,257",LP
MALAYALAM,9.896506,76.284533,4,4,26323,St Joseph`s L.P.S. North Kumbalangy,A,608,1 to 4,46,LP
"MALAYALAM,ENGLISH",9.883105,76.28651,"5,5",10,26332,V.P.Y.L.P.S .Illikkal,A,609,1 to 5,"122,124",LP
"MALAYALAM,ENGLISH",9.912333,76.254015,"11,7",19,26342,St. Joseph`s Girls U.P.S. Manachery,A,610,1 to 7,"334,290",UP
"MALAYALAM,ENGLISH",9.861842,76.291824,"5,3",10,26345,St. George`s U.P.S. Pazhangad,A,611,5 to 7,"141,99",UP
"MALAYALAM,ENGLISH",9.823244,76.27247,"19,11",46,26002,St. Mary`s H.S Chellanam,A,612,5 to 10,"735,423",HS
MALAYALAM,9.980416,76.552747,3,5,28427,Govt. U P S Kadathy,G,613,5 to 7,22,UP
MALAYALAM,9.906424,76.605033,7,10,28422,Govt. U P S Pandappilly,G,614,1 to 7,103,UP
"MALAYALAM,ENGLISH",9.978511,76.523642,"11,8",34,28048,Mar Stephen H S Valakom,A,615,5 to 12,"393,316",HS
MALAYALAM,9.977194,76.525076,4,4,28414,Mar Thoma L P S Valakom,A,616,1 to 4,23,LP
"MALAYALAM,ENGLISH",10.037732,76.53873,"9,3",23,28011,N S S H S Mannoor,A,617,5 to 10,"266,68",HS
"MALAYALAM,ENGLISH",9.978174,76.600607,"4,4",8,28413,S A B T M L P S Randarkara,A,618,1 to 4,"82,124",LP
MALAYALAM,9.913188,76.620242,49,9,28426,St. George`s U P S Thottakara,A,619,1 to 7,47,UP
"MALAYALAM,ENGLISH",9.930358,76.601791,"4,4",8,28408,St. Joseph`s L P S Arakuzha,A,620,1 to 4,"93,140",LP
MALAYALAM,9.955566,76.604376,7,10,28425,St. Joseph`s U P S Peringazha,A,621,1 to 7,80,UP
MALAYALAM,9.928726,76.605028,11,20,28026,St. Mary`s H S S Arakuzha,A,622,5 to 10,279,HS
MALAYALAM,9.919772,76.636553,60,10,28038,St. Sebastian`s H S Memadangu,A,623,8 to 10,60,HS
MALAYALAM,9.920414,76.63453,5,5,28417,St. Sebastian`s L P S Arikuzha,A,624,1 to 5,37,LP
MALAYALAM,9.99797,76.636624,4,5,28205,Govt. L P S Kalampoor,G,625,1 to 4,25,LP
MALAYALAM,9.978016,76.631701,4,5,28201,Govt. L P S Karimattom,G,626,1 to 4,26,LP
MALAYALAM,9.932479,76.621014,4,5,28204,Govt. L P S Kavana,G,627,1 to 4,38,LP
MALAYALAM,9.950128,76.675548,4,5,28202,Govt. L P S Maniyantharam,G,628,1 to 4,23,LP
MALAYALAM,9.956115,76.650095,62,5,28203,Govt. L P S Neerampuzha,G,629,1 to 4,62,LP
"MALAYALAM,ENGLISH",9.98493,76.710478,"13,3",27,28035,Iype Memorial H S Kaloor,A,630,5 to 10,"505,71",HS
MALAYALAM,9.96698,76.704355,5,5,28217,Little Flower L P S Thazhuvamkunnu,A,631,1 to 5,36,LP
MALAYALAM,9.914082,76.689379,4,5,28216,NSS L P S Kappu,A,632,1 to 4,46,LP
MALAYALAM,9.976047,76.658258,7,9,28218,Panchayath U P S Maruthur,A,633,1 to 7,69,UP
MALAYALAM,9.975894,76.684758,7,9,28219,Panchayath U P S Vellarankallu,A,634,1 to 7,37,UP
"MALAYALAM,ENGLISH",9.964687,76.615605,"8,4",13,28210,St. Antony`s L P S Anicadu,A,635,1 to 4,"205,154",LP
"MALAYALAM,ENGLISH",9.9192,76.6663,"4,4",6,28209,St. Andrew`s L P S Kadalikkad,A,636,1 to 4,"87,153",LP
MALAYALAM,9.967049,76.671539,4,4,28215,St. Augustin`s L P S Kalloorkad,A,637,1 to 4,103,LP
MALAYALAM,9.942201,76.637618,7,15,28223,St.George T T I Vazhakkulam,A,638,1 to 7,56,UP
"MALAYALAM,ENGLISH",9.983866,76.637776,"8,6",25,28042,Sacred Heart H S Ayavana,A,639,5 to 10,"225,229",HS
"MALAYALAM,ENGLISH",9.986325,76.707617,"7,6",16,28221,St. John`s U P S Kaloor,A,640,1 to 7,"189,186",UP
"MALAYALAM,ENGLISH",9.945785,76.642429,"11,12",21,28041,St. Little Teresa`s H S Vazhakkulam,A,641,5 to 10,"304,307",HS
"MALAYALAM,ENGLISH",9.945275,76.642277,"4,4",8,28206,St. Little Teresa`s L P S Vazhakulam,A,642,1 to 4,"76,149",LP
MALAYALAM,9.942858,76.696095,12,21,28036,St. Mary`s H S Nakapuzha,A,643,1 to 10,328,HS
MALAYALAM,9.979405,76.601097,3,6,28222,St. Michael`s U P S Randar,A,644,5 to 7,20,UP
MALAYALAM,9.923957,76.68154,4,4,28212,St. Paul`s L P S Madakkathanam,A,645,1 to 4,23,LP
MALAYALAM,9.927947,76.653299,4,4,28213,St. Rita`s L P S Thekkumala,A,646,1 to 4,12,LP
"MALAYALAM,ENGLISH",9.962841,76.617529,"19,6",40,28044,St. Sebastian`s H S Anicadu,A,647,5 to 10,"718,358",HS
MALAYALAM,9.934605,76.658281,4,4,28207,St. Thomas L P S Mudappannoor,A,648,1 to 4,22,LP
MALAYALAM,9.937825,76.605088,4,4,28214,St. Thomas L P S Nadukkara,A,649,1 to 4,20,LP
"MALAYALAM,ENGLISH",10.037079,76.543006,"4,3",10,27335,Govt. LPBS Thrikkalathoor,G,650,1 to 4,"91,77",LP
MALAYALAM,10.038665,76.538857,4,5,27336,Govt. LPGS Thrikkalathoor,G,651,1 to 4,50,LP
MALAYALAM,10.02392,76.591495,7,11,27310,Govt. UPS Mulavoor,G,652,1 to 7,130,UP
MALAYALAM,10.044786,76.563871,7,11,27309,Govt. UPS Paipra,G,653,1 to 7,126,UP
"MALAYALAM,ENGLISH",9.874056,76.289335,"7,5",25,26043,Our Lady Of Fathima Girls H.S. Kumbalangy,A,654,8 to 10,"255,188",HS
"MALAYALAM,ENGLISH",9.881557,76.286533,"24,11",56,26042,St. Peter`s H.S.S. Kumbalangy,A,655,5 to 10,"1043,361",HS
MALAYALAM,9.873842,76.290073,9,13,26333,Govt. U.P.S. Kumbalangy,G,656,1 to 7,226,UP
"MALAYALAM,ENGLISH",9.860026,76.265585,"18,1",27,26003,Govt. H.S.S Puthenthode,G,657,1 to 10,"612,21",HS
"MALAYALAM,ENGLISH",10.060048,76.303473,"10,7",21,25260,Guardian Angel`s U. P. S. Manjummel,A,658,1 to 7,"256,331",UP
MALAYALAM,10.082659,76.31194,10,19,25110,Govt. H. S. Binanipuram,G,659,1 to 10,130,HS
MALAYALAM,10.076715,76.319575,6,13,25014,Govt. H. S. S. Eloor,G,660,8 to 12,160,HS
MALAYALAM,10.105557,76.276209,10,19,25104,Govt. H. S. S. Kongorpilly,G,661,1 to 10,216,HS
"MALAYALAM,ENGLISH",10.087812,76.318593,"21,0",37,25057,Govt. H. S. S. Muppathadom,G,662,1 to 10,"727,0",HS
MALAYALAM,10.074027,76.292906,5,6,25246,Govt. L. P. S. Eloor,G,663,1 to 5,68,LP
MALAYALAM,10.128973,76.29819,4,5,25207,Govt. L. P. S. Kottappuram,G,664,1 to 4,36,LP
MALAYALAM,10.117567,76.283624,4,5,25208,Govt. L. P. S. Neericode,G,665,1 to 4,20,LP
MALAYALAM,10.103044,76.294205,4,6,25210,Govt. L. P. S. Panaikulam,G,666,1 to 4,77,LP
MALAYALAM,10.11874,76.306702,4,5,25211,Govt. L. P. S. Thiruvalloor,G,667,1 to 4,24,LP
MALAYALAM,10.098676,76.342701,5,7,25248,Govt. L. P. S. Uliyannoor,G,668,1 to 5,57,LP
MALAYALAM,10.135787,76.314592,7,11,25255,Govt. M. I. U. P. S. Veliyathunad,G,669,1 to 7,91,UP
MALAYALAM,10.076406,76.269121,10,14,25249,Govt. U. P. S. Chirakkakam,G,670,1 to 7,270,UP
MALAYALAM,10.067433,76.322828,7,11,25252,Govt. U. P. S. Kuttikkattukara,G,671,1 to 7,104,UP
"MALAYALAM,ENGLISH",10.068914,76.279686,"14,3",27,25079,Holy Infant`s Boys H. S. Varapuzha,A,672,1 to 10,"662,99",HS
"MALAYALAM,ENGLISH",10.069095,76.269997,"4,4",8,25237,Infant Jesus L. P. S. Thundathumkadavu,A,673,1 to 4,"71,108",LP
MALAYALAM,10.112333,76.294754,4,4,25228,S. N. L. P. S. Koduvazhanga,A,674,1 to 4,108,LP
MALAYALAM,10.091455,76.275287,6,4,25231,Little Flower L. P. S. Olanad,A,675,1 to 4,128,LP
"MALAYALAM,ENGLISH",10.071286,76.317011,"7,14",23,25257,M. E. S. Eastern U. P. S. Eloor,A,676,1 to 7,"138,508",UP
MALAYALAM,10.127069,76.329779,4,5,25203,Settlement Govt. L. P. S. Aluva,G,677,1 to 4,48,LP
"MALAYALAM,ENGLISH",10.083882,76.271677,"14,6",32,25101,St. George H. S. Puthenpally,A,678,1 to 10,"412,162",HS
"MALAYALAM,ENGLISH",10.068165,76.278977,"12,10",37,25078,St. Joseph`s H. S. for Girls Varapuzha,A,679,5 to 10,"554,485",HS
MALAYALAM,10.075117,76.279905,4,5,25229,St. Joseph`s L. P. S. Mannanthuruth,A,680,1 to 4,64,LP
"MALAYALAM,ENGLISH",10.078819,76.277408,"4,4",8,25239,St. Joseph`s L. P. S. Varapuzha,A,681,1 to 4,"136,238",LP
"MALAYALAM,ENGLISH",10.122593,76.300434,"6,4",11,25214,St. Mary`s L. P. S. Alangad,A,682,1 to 4,"157,152",LP
"MALAYALAM,ENGLISH",10.152847,76.263898,"8,2",14,25857,Ansarul Islam Sanghom U. P. S. Manjaly,A,683,1 to 7,"267,61",UP
MALAYALAM,10.13148,76.28153,8,20,25075,F. M. C. T. H. S. Karumalloor,A,684,8 to 10,312,HS
MALAYALAM,10.139279,76.266426,4,5,25821,Govt. L. P. S. Karumalloor,G,685,1 to 4,112,LP
"MALAYALAM,ENGLISH",10.137569,76.268832,"11,7",21,25858,St. Little Teresa`s U. P. S. Karumalloor,A,686,1 to 7,"294,309",UP
,10.10402,76.292629,,0,25244,Little Flower L. P. S. Panaikulam,A,687,0 to 0,,LP
"MALAYALAM,ENGLISH",9.975154,76.314801,"14,18",51,26059,Christ King C.G.H.S. Ponnurunny,A,688,5 to 10,"600,978",HS
MALAYALAM,9.972882,76.316756,4,4,26426,S.P.Y.L.P.S. Ponnurunni,A,689,1 to 4,37,LP
MALAYALAM,9.958129,76.319559,7,10,26448,St. Augustine`s U.P.S. Thykoodam,A,690,1 to 7,131,UP
"MALAYALAM,ENGLISH",9.953315,76.329227,"11,13",29,26442,St. George`s U.P.S. Poonithura,A,691,1 to 7,"363,534",UP
MALAYALAM,9.946884,76.566053,6,13,28030,Govt. V H S S East Marady,G,692,5 to 12,42,HS
MALAYALAM,9.928954,76.576643,5,5,28315,Little Flower L P S Meenkunnam,A,693,1 to 5,95,LP
MALAYALAM,9.954082,76.54009,3,10,28428,Emmanuel U P S Kayanad,A,694,5 to 7,30,UP
MALAYALAM,10.01731,76.566103,12,23,28034,Govt. H S Pezhakkappilly,G,695,1 to 10,270,HS
MALAYALAM,9.991213,76.512274,4,5,28403,Govt. L P S Kunnackal West,G,696,1 to 4,18,LP
MALAYALAM,9.969559,76.534504,4,5,28404,Govt. L P S Mekkadampu,G,697,1 to 4,31,LP
MALAYALAM,9.980674,76.521321,4,5,28406,Govt. L P S Valakom,G,698,1 to 4,43,LP
MALAYALAM,9.991847,76.536082,7,10,28419,Govt. U P S Kunnackal,G,699,1 to 7,105,UP
MALAYALAM,9.995341,76.604996,4,5,28412,M E S L P S Punnamattom,A,700,1 to 4,100,LP
"MALAYALAM,ENGLISH",9.999356,76.556836,"16,11",12,27351,Milady Sherif Memorial LPS Mulavoor,A,701,1 to 4,"604,408",LP
"MALAYALAM,ENGLISH",9.952035,76.29393,"10,36",68,26068,C.C.P.L.M.A.I.H.S. Perumanoor,A,702,1 to 10,"180,1761",HS
MALAYALAM,9.963977,76.299124,38,4,26215,Girinagar L.P.S. Kadavantra,G,703,1 to 4,38,LP
"MALAYALAM,ENGLISH",9.996144,76.325799,"258,258",10,26207,Govt. L.P.S. Vennala,G,704,1 to 4,"247,247",LP
MALAYALAM,10.009681,76.276635,2,2,26234,Infant Jesus. L.P.S. Vaduthala,A,705,3 to 4,4,LP
"MALAYALAM,ENGLISH",9.938052,76.295778,"6,6",24,26067,Sacred Heart H.S.S. Thevara,A,706,8 to 10,"245,358",HS
"MALAYALAM,ENGLISH",9.996584,76.281804,"14,10",38,26083,Sree Narayana H.S.S. Trikkanarvattom,A,707,1 to 10,"352,348",HS
"MALAYALAM,ENGLISH",9.982635,76.277834,"12,12",12,26220,St. Mary`s C.G.L.P.S. Ernakulam,A,708,1 to 4,"326,326",LP
MALAYALAM,10.022705,76.274127,4,4,26235,St. Antony`s .L.P.S Vaduthala,A,709,1 to 4,95,LP
"MALAYALAM,ENGLISH",9.989466,76.289943,"10,8",33,26034,St. Augustin`s H.S. Ernakulam,A,710,5 to 10,"272,389",HS
MALAYALAM,10.028235,76.297734,4,5,26230,St. Ignatious Leyola. L.P.S. Ponel,A,711,1 to 4,63,LP
MALAYALAM,9.9418,76.300454,4,4,26222,St. John`s L.P.S. Konthuruthy,A,712,1 to 4,14,LP
MALAYALAM,10.023064,76.2688,8,5,26236,St. Peter`s. L.P.S Vaduthala,A,713,1 to 4,218,LP
MALAYALAM,9.992624,76.308345,4,6,26227,St. Raphel`s L.P.S. Palarivattom,A,714,1 to 4,113,LP
MALAYALAM,10.013651,76.276418,34,4,26232,Thatazham L.P.S. Vaduthala,A,715,1 to 4,32,LP
"MALAYALAM,ENGLISH",9.902377,76.273452,"4,4",9,26322,V.V.L.P.S. Palluruthy,A,716,1 to 4,"78,85",LP
"MALAYALAM,ENGLISH",9.91852,76.27328,"5,14",21,26320,S.D.P.Y.L.P.S. Palluruthy,A,717,1 to 4,"172,566",LP
MALAYALAM,9.926954,76.269931,4,7,26321,S.V.D.L.P.S. Palluruthy,A,718,1 to 4,131,LP
"MALAYALAM,ENGLISH",9.933805,76.265189,"4,8",12,26317,St. Sebastian`s. L.P.S. Palluruthy,A,719,1 to 4,"106,299",LP
"MALAYALAM,ENGLISH",9.936027,76.261663,"9,8",17,26316,O.L.C.G.L.P.S .Palluruthy,A,720,1 to 4,"306,313",LP
MALAYALAM,9.93637,76.24544,4,4,26318,St. Antony`s. L.P.S .Saudi,A,721,1 to 4,27,LP
"MALAYALAM,ENGLISH",9.956737,76.256071,"4,10",17,26313,MMLPS Panayappilly,A,722,1 to 4,"130,285",LP
MALAYALAM,9.958158,76.255064,4,5,26311,H.E.H.M.M.L.P.S. Mattanchery,A,723,1 to 4,73,LP
MALAYALAM,9.960809,76.251825,4,5,26312,M.A.S.S.L.P.S Mattanchery,A,724,1 to 4,130,LP
"MALAYALAM,ENGLISH",9.955728,76.251048,"4,4",8,26310,T.D.L.P.S. Kochi,A,725,1 to 4,"59,124",LP
ENGLISH,9.960136,76.255501,24,28,26338,Sri Cochin Gujarathy Vidyalaya U.P.S. Kochi,A,726,1 to 7,880,UP
MALAYALAM,9.944252,76.257009,12,21,26055,St. Joseph`s H.S. Chullickal,A,727,1 to 10,204,HS
ENGLISH,9.963306,76.240166,32,47,26013,St. John De Britto`s A.I.H.S Fortcochin,A,728,1 to 10,1257,HS
"MALAYALAM,ENGLISH",9.936535,76.261462,"20,11",53,26058,Our Lady`s C.G.H.S. Palluruthy,A,729,5 to 10,"893,745",HS
"MALAYALAM,ENGLISH",9.958473,76.251535,"19,20",60,26011,T.D.H.S Mattanchery,A,730,5 to 10,"698,800",HS
MALAYALAM,9.918622,76.272649,38,60,26057,S.D.P.Y. Girls V.H.S.S. Palluruthy,A,731,5 to 10,1428,HS
"MALAYALAM,ENGLISH",9.956917,76.255949,"15,9",40,26085,M.M.O.V.H.S.S. Panayappilly,A,732,5 to 10,"522,347",HS
MALAYALAM,9.964609,76.26887,4,5,26304,Govt.. L.P.S. Willingdon Island,G,733,1 to 4,16,LP
MALAYALAM,9.959012,76.243036,7,10,26334,Govt. U.P.S. Thamaraparambu,G,734,1 to 7,21,UP
MALAYALAM,9.948881,76.257195,10,17,26091,Govt. H.S Panayappilly,G,735,1 to 10,78,HS
"MALAYALAM,ENGLISH",9.97471,76.313343,"5,8",13,26425,Christ King Convent .L.P.S. Ponnurunni,A,736,1 to 4,"185,346",LP
"MALAYALAM,ENGLISH",9.978068,76.314985,"10,5",29,26093,St. Ritas H.S. Ponnurunny,A,737,5 to 10,"290,236",HS
"MALAYALAM,ENGLISH",9.984774,76.287499,"12,21",49,26082,Darul Uloom H.S.S. Ernakulam,A,738,1 to 10,"343,851",HS
MALAYALAM,9.961903,76.295204,3,10,26031,Govt. H.S. Panampilly Nagar,G,739,8 to 10,45,HS
"MALAYALAM,ENGLISH",10.04189,76.298023,"24,10",41,26065,Govt. H.S.S and V.H.S.S. Edappally North,G,740,1 to 12,"469,348",HS
"MALAYALAM,ENGLISH",9.967938,76.288575,"5,9",28,26035,Govt. H.S.S. for Girls Ernakulam,G,741,8 to 10,"196,355",HS
MALAYALAM,9.832847,76.544897,4,5,28302,Govt. L P S Elanji,G,742,1 to 4,22,LP
MALAYALAM,9.882035,76.574337,4,5,28308,Govt. L P S Vadakara,G,743,1 to 4,35,LP
"MALAYALAM,ENGLISH",9.877566,76.574632,"4,7",10,28313,Little Flower L P S Vadakara,A,744,1 to 4,"94,299",LP
MALAYALAM,9.845332,76.566738,4,4,28311,St. George`s L P S Mutholapuram,A,745,1 to 4,81,LP
"MALAYALAM,ENGLISH",9.830294,76.553309,"6,6",21,28022,St. Paul`s H S Mutholapuram,A,746,5 to 10,"200,216",HS
MALAYALAM,9.830164,76.553812,4,4,28309,St. Peter`s L P S Elanji,A,747,1 to 4,110,LP
MALAYALAM,9.846307,76.542662,7,9,28321,St. Xavier`s U P S Kooru,A,748,1 to 7,85,UP
MALAYALAM,9.819972,76.553915,3,6,28323,Vidyamandiram U P S Alapuram,A,749,5 to 7,48,UP
MALAYALAM,9.855694,76.527054,4,4,28519,C M S L P S Piravom,A,750,1 to 4,51,LP
MALAYALAM,9.967142,76.504624,10,19,28047,Govt. H S Ooramana,G,751,1 to 10,192,HS
MALAYALAM,9.870532,76.486033,6,13,28018,Govt. H S Piravom,G,752,5 to 10,128,HS
MALAYALAM,9.879347,76.479992,4,5,28501,Govt. L P S Kalampoor,G,753,1 to 4,23,LP
MALAYALAM,9.928209,76.491044,4,5,28502,Govt. L P S Kizhumury,G,754,1 to 4,20,LP
"MALAYALAM,ENGLISH",9.904511,76.458314,"4,4",9,28503,Govt. L P S Maneed,G,755,1 to 4,"90,162",LP
MALAYALAM,9.854883,76.524292,4,5,28504,Govt. L P S Namakuzhy,G,756,1 to 4,34,LP
MALAYALAM,9.878939,76.480641,5,6,28521,Govt. L P S Pazhoor,G,757,1 to 5,22,LP
MALAYALAM,9.943378,76.482904,4,5,28509,Govt. L P S Ramamangalam,G,758,1 to 4,25,LP
MALAYALAM,9.87089,76.486838,4,5,28508,Govt. L P S Piravom,G,759,1 to 4,32,LP
MALAYALAM,9.881977,76.486617,7,10,28523,Govt. U P S Kakkad,G,760,1 to 7,52,UP
MALAYALAM,9.879507,76.480236,3,5,28533,Govt. U P S Kalampoor,G,761,5 to 7,30,UP
MALAYALAM,9.890837,76.500742,7,10,28526,Govt. U P S Onakkoor North,G,762,1 to 7,99,UP
MALAYALAM,9.933282,76.522174,7,10,28527,Govt. U P S Piramadom,G,763,1 to 7,42,UP
"MALAYALAM,ENGLISH",9.906182,76.454075,"6,6",22,28045,Govt. H S Maneed,G,764,5 to 10,"180,146",HS
"MALAYALAM,ENGLISH",9.875384,76.489402,"19,16",52,28017,M K M H S Piravom,A,765,5 to 10,"631,616",HS
"MALAYALAM,ENGLISH",9.926765,76.520915,"10,12",35,28024,M T M H S Pampakuda,A,766,5 to 10,"319,495",HS
MALAYALAM,9.858007,76.507555,4,4,28517,St. Antony`s L P S Mulakkulam,A,767,1 to 4,40,LP
MALAYALAM,9.886343,76.45886,3,6,28534,St. Gregorius U P S Karoor,A,768,5 to 7,28,UP
MALAYALAM,9.874477,76.497339,8,8,28520,St. Joseph`s L P S Piravom,A,769,1 to 4,230,LP
"MALAYALAM,ENGLISH",9.904735,76.517651,"7,10",15,28529,St. Mary`s U P S Anchelpetty,A,770,1 to 7,"190,295",UP
"MALAYALAM,ENGLISH",10.01402,76.300088,"3,2",13,26060,Govt. H.S.S. Edappally,G,771,8 to 10,"120,31",HS
"MALAYALAM,ENGLISH",10.020074,76.291299,"15,11",45,26092,Govt. H.S.S. Elamakkara,G,772,1 to 10,"578,430",HS
MALAYALAM,9.968047,76.288376,5,7,26202,Govt. L.P.S. For Girls Ernakulam,G,773,1 to 4,150,LP
MALAYALAM,10.010376,76.31361,4,5,26204,Govt. L.P.S. Padivattom,G,774,1 to 4,23,LP
MALAYALAM,9.929798,76.302111,3,8,26077,Govt. R.F.T.H.S. Thevara,G,775,8 to 10,35,HS
"MALAYALAM,ENGLISH",10.008546,76.278193,"3,7",12,26245,Holy Family E.P.S Chathiath Vaduthala,A,776,1 to 7,"35,211",UP
MALAYALAM,9.984847,76.27454,4,4,26216,H.I.J.E.P.S Ernakulam,A,777,1 to 4,25,LP
MALAYALAM,10.000153,76.277475,4,4,26209,Lady Of Mount Carmel Boys L.P.S. Chathiath,A,778,1 to 4,26,LP
MALAYALAM,10.000989,76.277953,8,8,26217,Lady Of Mount Carmel C.G.L.P.S. Ernakulam,A,779,1 to 4,301,LP
MALAYALAM,10.004607,76.289469,7,9,26251,Little Flower U.P.S. Kaloor,A,780,1 to 7,41,UP
MALAYALAM,10.005829,76.296115,7,11,26252,Sharaful Islam U.P.S. Kaloor,A,781,1 to 7,54,UP
MALAYALAM,9.970358,76.285824,3,6,26263,Sree Rama Varma (D) U.P.S. Ernakulam,G,782,5 to 7,51,UP
MALAYALAM,9.963162,76.283351,7,9,26249,Sree Rudra Vilasom U.P.S. Ernakulam,A,783,1 to 7,30,UP
MALAYALAM,9.971036,76.287449,4,5,26203,S.R.V. Govt. L.P.S. Ernakulam,G,784,1 to 4,17,LP
"MALAYALAM,ENGLISH",9.970512,76.286575,"3,4",17,26029,S.R.V. Govt. Model. H.S.S and V.H.S.S Ernakulam,G,785,8 to 10,"88,133",HS
"MALAYALAM,ENGLISH",9.984661,76.278802,"4,4",9,26218,St. Albert`s L.P.S. Ernakulam,A,786,1 to 4,"34,232",LP
"MALAYALAM,ENGLISH",9.986275,76.283766,"16,12",43,26084,St. Antony`s H.S.S. Kacheripady,A,787,1 to 10,"497,787",HS
"MALAYALAM,ENGLISH",9.989187,76.289991,"4,4",8,26219,St. Augustine`s L.P.S. Ernakulam,A,788,1 to 4,"85,89",LP
"MALAYALAM,ENGLISH",10.022704,76.307248,"9,6",27,26063,St. George`s H.S Edappally,A,789,5 to 10,"275,248",HS
"MALAYALAM,ENGLISH",10.021113,76.306907,"4,4",9,26213,St. George`s.L.P.S. Edappally,A,790,1 to 4,"88,162",LP
MALAYALAM,9.967877,76.305753,4,4,26214,St. John`s L.P.S. Elamkulam,A,791,1 to 4,11,LP
"MALAYALAM,ENGLISH",9.99979,76.279623,"7,3",22,26080,St. Joseph`s H.S Chathiath,A,792,5 to 10,"258,146",HS
"MALAYALAM,ENGLISH",9.974417,76.289566,"7,10",20,26254,St. Joseph`s U.P.S. Karithala,A,793,1 to 7,"176,377",UP
"MALAYALAM,ENGLISH",9.982347,76.277938,"9,17",43,26038,St. Mary`s C.G.H.S.S. Ernakulam,A,794,5 to 10,"436,806",HS
"MALAYALAM,ENGLISH",9.938673,76.297319,"8,10",20,26246,St. Mary`s U.P.S Thevara,A,795,1 to 7,"175,499",UP
"MALAYALAM,ENGLISH",9.976163,76.278542,"4,18",22,26238,St. Teresa`s .C.G.L.P.S Ernakulam,A,796,1 to 4,"42,1023",LP
"MALAYALAM,ENGLISH",9.94708,76.293349,"15,17",47,26078,St. Thomas Girls H.S. Perumanoor,A,797,1 to 10,"554,765",HS
MALAYALAM,9.912952,76.292592,4,4,26319,St. Mary`s L.P.S. Edacochi,A,798,1 to 4,54,LP
"MALAYALAM,ENGLISH",9.957988,76.252251,"4,5",10,26309,T.D Girls. L.P.S Kochi,A,799,1 to 4,"90,192",LP
MALAYALAM,9.956972,76.245162,2,2,26305,S.J.D.L.P.S. Amaravathy,A,800,2 to 3,4,LP
"MALAYALAM,ENGLISH",9.964856,76.242078,"4,2",7,26308,Santacruz. L.P.S. Fortcochi,A,801,1 to 4,"63,48",LP
MALAYALAM,9.903483,76.295425,7,9,26339,St. Lawrence`s U.P.S. Edacochi,A,802,1 to 7,66,UP
"MALAYALAM,ENGLISH",9.90742,76.294582,"3,8",13,26348,P.V.M.M.A.I.U.P.S. Edakochi,A,803,1 to 7,"33,235",UP
MALAYALAM,9.916496,76.277709,7,9,26340,N.S.S U.P.S. Palluruthy,A,804,1 to 7,50,UP
"MALAYALAM,ENGLISH",9.973051,76.243756,"7,7",16,26337,Canossa U.P.S. Vypeen,A,805,1 to 7,"131,218",UP
"MALAYALAM,ENGLISH",9.958001,76.255293,"6,6",31,26017,H.E.H.M.M.H.S. Mattanchery,A,806,5 to 10,"206,56",HS
MALAYALAM,9.960811,76.257637,9,18,26016,L.L.C.H.S. Mattanchery,A,807,2 to 10,73,HS
ENGLISH,9.96568,76.242215,2363,55,26007,St. Mary`s A.I.G.H.S. Fortcochin,A,808,1 to 10,2268,HS
"MALAYALAM,ENGLISH",9.922934,76.255829,"7,7",24,26076,St. Louis H.S. Mundamveli,A,809,5 to 10,"172,216",HS
"MALAYALAM,ENGLISH",9.91375,76.263581,"31,11",62,26056,S.D.P.Y .Boys H.S.S. Palluruthy,A,810,5 to 10,"1079,477",HS
"MALAYALAM,ENGLISH",9.96516,76.242032,"6,6",23,26012,Santa Cruze H.S.S. Fortcochin,A,811,5 to 10,"153,191",HS
MALAYALAM,9.950697,76.244656,4,5,26302,E.M.G.L.P.S Fortcochi,G,812,1 to 4,22,LP
MALAYALAM,9.966938,76.252561,5,7,26330,Govt. L.P.S. Central Calvathy,G,813,1 to 5,42,LP
"MALAYALAM,ENGLISH",9.917642,76.277203,"99,99",12,26335,Govt. U.P.S. Palluruthy,G,814,1 to 7,"96,96",UP
MALAYALAM,9.967227,76.252291,7,10,26336,Govt. U.P.S. Amaravathy,G,815,1 to 7,31,UP
MALAYALAM,9.964315,76.268418,6,13,26021,Govt. H.S. Willington Island,G,816,5 to 10,22,HS
MALAYALAM,9.957739,76.246595,7,16,26087,Govt. H.S.S. Central Calvathy,G,817,5 to 10,139,HS
MALAYALAM,9.959462,76.251781,8,16,26020,Govt. H.S.S. For Girls Mattanchery,G,818,5 to 10,160,HS
MALAYALAM,9.951225,76.244347,10,20,26014,E.M .Govt. H.S.S. FortKochi,G,819,5 to 10,245,HS
"MALAYALAM,ENGLISH",9.944081,76.488737,"8,6",24,28014,H S Ramamangalam,A,820,5 to 10,"226,225",HS
MALAYALAM,9.906596,76.556288,10,18,28032,G H S Athanickal,G,821,1 to 10,205,HS
MALAYALAM,9.819104,76.551119,4,5,28301,Govt. L P S Alapuram,G,822,1 to 4,41,LP
MALAYALAM,9.870293,76.54899,4,5,28303,Govt. L P S Edayar,G,823,1 to 4,38,LP
MALAYALAM,9.887815,76.537604,4,5,28304,Govt. L P S Kakkoor,G,824,1 to 4,16,LP
MALAYALAM,9.951399,76.55655,4,5,28305,Govt. L P S Kurukkunnapuram,G,825,1 to 4,22,LP
MALAYALAM,9.902982,76.568299,4,5,28307,Govt. L P S Mannathoor,G,826,1 to 4,28,LP
"MALAYALAM,ENGLISH",9.881747,76.605996,"14,6",35,28033,Govt. Model H S Palakuzha,G,827,1 to 10,"398,91",HS
MALAYALAM,9.904966,76.585152,7,10,28316,Govt. U P S Aroor,G,828,1 to 7,82,UP
"MALAYALAM,ENGLISH",9.856332,76.592261,"9,5",17,28317,Govt. U P S Koothattukulam,G,829,1 to 7,"246,186",UP
MALAYALAM,9.905427,76.570346,7,10,28319,Govt. U P S South Marady,G,830,1 to 7,92,UP
MALAYALAM,9.888655,76.589045,7,10,28318,Govt. U P S Uppukandam,G,831,1 to 7,77,UP
MALAYALAM,9.890281,76.545809,10,17,28031,Govt. V H S S Thirumarady,G,832,1 to 10,205,HS
MALAYALAM,9.860039,76.597742,12,21,28012,H S Koothattukulam,A,833,5 to 10,369,HS
MALAYALAM,9.869912,76.548522,3,5,28322,Jawahar U P S Edayar,A,834,5 to 7,28,UP
"MALAYALAM,ENGLISH",9.877993,76.575118,"6,12",30,28009,L F High School Vadakara,A,835,5 to 10,"230,490",HS
"MALAYALAM,ENGLISH",9.88186,76.571713,"9,3",22,28010,St. John`s Syrian H S S Vadakara,A,836,5 to 12,"306,96",HS
MALAYALAM,9.882586,76.631292,4,4,28312,St. Mary`s L P S Marika,A,837,1 to 4,33,LP
MALAYALAM,9.833443,76.544359,4,4,28310,St. Paul`s L P S Mutholapuram,A,838,1 to 4,102,LP
"MALAYALAM,ENGLISH",9.832598,76.543893,"9,6",26,28023,St. Peter`s H S S Elanji,A,839,5 to 10,"304,203",HS
MALAYALAM,9.859375,76.622059,7,10,28320,St. Peter`s U P S Kozhippilly,A,840,1 to 7,162,UP
MALAYALAM,9.913642,76.488828,10,17,28046,Govt. H S Mammalassery,G,841,1 to 10,151,HS
MALAYALAM,9.919581,76.519468,11,18,28025,Govt. H S Pampakuda,G,842,1 to 10,221,HS
MALAYALAM,9.93482,76.469376,4,5,28505,Govt. L P S Nechoor,G,843,1 to 4,19,LP
MALAYALAM,9.902763,76.517145,7,10,28525,Govt. U P S Onakkoor South,G,844,1 to 7,76,UP
MALAYALAM,9.870163,76.452695,7,11,28528,Govt. U P S Veliyanad,G,845,1 to 7,85,UP
MALAYALAM,9.844574,76.44393,4,4,28514,L P S Kaippattoor,A,846,1 to 4,43,LP
MALAYALAM,9.87656,76.476926,4,4,28516,L P S Mangadappilly,A,847,1 to 4,77,LP
"MALAYALAM,ENGLISH",9.87402,76.496751,"6,4",22,28015,St. Joseph`s H S Piravom,A,848,8 to 10,"190,188",HS
"MALAYALAM,ENGLISH",10.017307,76.532275,"22,11",50,28020,Ebenezer H S Veettoor,A,849,5 to 10,"902,418",HS
MALAYALAM,9.982499,76.580473,6,14,28028,Govt. H S S Sivankunnu,G,850,5 to 12,50,HS
MALAYALAM,9.980702,76.554174,4,5,28401,Govt. L P S Kadathy,G,851,1 to 4,10,LP
MALAYALAM,9.959463,76.536036,4,5,28402,Govt. L P S. Kayanad,G,852,1 to 4,17,LP
MALAYALAM,9.981558,76.58109,7,8,28429,Govt.T.T.I Muvattupuzha,G,853,1 to 7,46,UP
MALAYALAM,10.006788,76.672713,7,10,28423,Govt. U P S Pulinthanam,G,854,1 to 7,83,UP
MALAYALAM,9.968988,76.551786,89,10,28424,Govt. U P S Rackad,G,855,1 to 7,84,UP
"MALAYALAM,ENGLISH",9.930722,76.601437,"9,4",24,28027,St. Joseph`s Girls H S Arakuzha,A,856,5 to 10,"284,122",HS
"MALAYALAM,ENGLISH",9.995152,76.587795,"24,13",66,28008,T.T.V.H.S.S Kavumkara,A,857,5 to 10,"890,367",HS
MALAYALAM,9.965128,76.635796,4,4,28211,Ayavana Panchayat L P S Enanelloor,A,858,1 to 4,12,LP
MALAYALAM,9.940161,76.644278,6,13,28039,Infant Jesus H S Vazhakulam,A,859,5 to 10,219,HS
MALAYALAM,9.982293,76.642561,4,4,28208,Sacred Heart L P S Ayavana,A,860,1 to 4,50,LP
MALAYALAM,9.989797,76.653437,7,10,28220,Sree Narayana U P S Ayavana,A,861,1 to 7,92,UP
"MALAYALAM,ENGLISH",9.925038,76.674067,"17,6",38,28040,Vimalamatha H S Kadalikkad Manjalloor,A,862,5 to 10,"575,272",HS
"MALAYALAM,ENGLISH",10.088911,76.612524,"3,3",16,27043,D B H S Thrikkariyoor,A,863,8 to 10,"110,55",HS
MALAYALAM,10.137966,76.690319,7,10,27312,Govt. HWUPS Thattekkad,G,864,1 to 7,108,UP
MALAYALAM,10.066501,76.628438,4,6,27338,Govt. LPGS Kothamangalam,G,865,1 to 4,53,LP
MALAYALAM,10.146617,76.727239,4,5,27344,Govt. LPS Kuttampuzha,G,866,1 to 4,34,LP
MALAYALAM,10.023485,76.657255,4,5,27345,Govt. LPS Mavudy,G,867,1 to 4,27,LP
MALAYALAM,10.140595,76.748595,7,10,27315,Govt. Tribal UPS Pinavoorkudy,G,868,1 to 7,149,UP
MALAYALAM,10.10862,76.803519,3,5,27308,Govt. UPS. Mamalakandam,G,869,5 to 7,55,UP
MALAYALAM,10.000394,76.743139,6,13,27038,Govt. V H S S Kadavoor,G,870,5 to 12,98,HS
MALAYALAM,10.046311,76.61792,10,17,27022,Govt. V H S S Mathirappilly,G,871,1 to 10,143,HS
MALAYALAM,10.130201,76.608949,4,5,27360,LPS Muttathupara,A,872,1 to 4,27,LP
"MALAYALAM,ENGLISH",10.087769,76.607237,"7,4",14,27325,NSS UPS Thrikkariyoor,A,873,1 to 7,"215,99",UP
MALAYALAM,10.033265,76.696977,3,6,27317,PMSAPTMUPS Koovalloor,A,874,5 to 7,50,UP
MALAYALAM,10.166322,76.776392,7,9,27324,St. George`s UPS Pooyamkutty,A,875,1 to 7,191,UP
